instance,best_known,MILP_time,MILP_value,MIQP_time,MIQP_value,QUBO_time,QUBO_value,Other_time,Other_value
anna,11,0.00837,62.0,0.42265,72.0,1.61201,15.0,8.15186,11.0
anna,11,0.27221,61.0,0.43178,71.0,1.8449,12.0,11.6792,11.0
anna,11,3.22921,11.0,0.44537,12.0,55.18658,12.0,12.54676,11.0
anna,11,3.23925,11.0,1.15809,11.0,,,14.32378,11.0
anna,11,,,1.3023,11.0,,,17.40939,11.0
anna,11,,,,,,,26.90593,11.0
anna,11,,,,,,,,
david,11,0.00774,56.0,0.62594,12.0,1.32071,16.0,8.24849,11.0
david,11,0.24341,53.0,1.2343,11.0,1.38109,14.0,11.55524,11.0
david,11,1.64627,11.0,1.28638,11.0,1.5067,12.0,11.96938,11.0
david,11,1.65935,11.0,,,42.4828,12.0,13.00896,11.0
david,11,,,,,,,14.78716,11.0
david,11,,,,,,,20.76586,11.0
david,11,,,,,,,,
DSJC125.1,5,0.00445,24.0,0.42184,22.0,0.21489,11.0,7.73744,6.0
DSJC125.1,5,3.33892,7.0,0.43179,8.0,0.25304,9.0,10.19533,6.0
DSJC125.1,5,17.50614,6.0,5.94494,7.0,0.27624,8.0,10.69452,6.0
DSJC125.1,5,34.59849,6.0,5.96145,6.0,15.62742,7.0,11.16353,5.0
DSJC125.1,5,,,34.63963,6.0,34.77828,7.0,12.70374,5.0
DSJC125.1,5,,,,,,,16.97068,5.0
DSJC125.1,5,,,,,,,,
DSJC250.1,8,0.02149,39.0,2.89692,13.0,1.28164,23.0,12.78482,9.0
DSJC250.1,8,15.62147,35.0,21.83377,12.0,1.44023,15.0,16.7409,9.0
DSJC250.1,8,15.67353,13.0,21.94616,11.0,1.79278,12.0,17.93453,9.0
DSJC250.1,8,15.82489,12.0,80.45039,11.0,79.78843,12.0,20.39271,9.0
DSJC250.1,8,78.92673,12.0,,,,,24.9512,8.0
DSJC250.1,8,,,,,,,38.93714,8.0
DSJC250.1,8,,,,,,,,
DSJC500.1,12,0.14859,69.0,17.92803,20.0,2.49438,32.0,35.14017,13.0
DSJC500.1,12,320.92301,69.0,52.67297,19.0,3.84896,29.0,43.24104,13.0
DSJC500.1,12,,,53.76341,18.0,6.89141,19.0,47.45982,13.0
DSJC500.1,12,,,321.01759,18.0,321.88309,19.0,54.37131,13.0
DSJC500.1,12,,,,,,,68.54479,13.0
DSJC500.1,12,,,,,,,109.11768,12.0
DSJC500.1,12,,,,,,,,
DSJC1000.1,20,1.59504,128.0,118.29858,31.0,66.95456,56.0,372.80318,22.0
DSJC1000.1,20,3551.82856,128.0,559.72624,30.0,79.2236,48.0,417.37227,21.0
DSJC1000.1,20,,,569.65962,29.0,105.11561,31.0,460.49338,21.0
DSJC1000.1,20,,,3551.12772,29.0,3556.22989,31.0,534.33233,21.0
DSJC1000.1,20,,,,,,,680.43797,21.0
DSJC1000.1,20,,,,,,,1117.37828,21.0
DSJC1000.1,20,,,,,,,,
DSJR500.1,12,0.01564,26.0,1.6389,15.0,1.04224,22.0,64.56757,12.0
DSJR500.1,12,12.89799,15.0,18.04402,14.0,1.25885,16.0,72.256,12.0
DSJR500.1,12,13.00909,14.0,57.79437,13.0,1.49288,15.0,75.99375,12.0
DSJR500.1,12,73.94448,12.0,57.87057,12.0,1.93069,14.0,82.70362,12.0
DSJR500.1,12,73.95543,12.0,58.09072,12.0,14.07072,13.0,95.99274,12.0
DSJR500.1,12,,,,,64.17221,12.0,133.58302,12.0
DSJR500.1,12,,,,,64.7585,12.0,,
flat300_20_0,20,0.59065,154.0,34.25879,47.0,28.78673,58.0,46.33747,20.0
flat300_20_0,20,217.56203,93.0,96.51604,46.0,30.39782,55.0,54.46876,20.0
flat300_20_0,20,241.89032,46.0,273.16711,46.0,33.67972,42.0,58.66426,20.0
flat300_20_0,20,246.16629,45.0,,,274.98271,42.0,66.47184,20.0
flat300_20_0,20,273.14263,45.0,,,,,78.53715,20.0
flat300_20_0,20,,,,,,,118.61302,20.0
flat300_20_0,20,,,,,,,,
flat300_26_0,26,0.54277,153.0,37.53606,45.0,5.82848,59.0,73.22669,34.0
flat300_26_0,26,279.03965,44.0,106.63599,44.0,9.02475,44.0,86.82633,33.0
flat300_26_0,26,299.04334,43.0,441.60172,44.0,10.72515,43.0,93.67201,33.0
flat300_26_0,26,441.56736,43.0,,,445.00024,43.0,104.93041,33.0
flat300_26_0,26,,,,,,,129.1341,26.0
flat300_26_0,26,,,,,,,194.76836,26.0
flat300_26_0,26,,,,,,,,
flat300_28_0,28,0.54396,154.0,34.45254,46.0,4.5634,59.0,75.21071,34.0
flat300_28_0,28,222.59911,93.0,82.43806,45.0,6.09624,57.0,95.31448,33.0
flat300_28_0,28,226.1058,44.0,454.96861,45.0,9.27962,45.0,95.35197,33.0
flat300_28_0,28,241.63134,43.0,,,457.98827,45.0,106.43616,33.0
flat300_28_0,28,455.01457,43.0,,,,,129.27495,33.0
flat300_28_0,28,,,,,,,201.47745,33.0
flat300_28_0,28,,,,,,,,
fpsol2.i.1,65,0.48761,186.0,39.66169,65.0,80.10231,65.0,218.85758,83.0
fpsol2.i.1,65,38.7432,171.0,39.95916,65.0,90.91129,65.0,309.22592,77.0
fpsol2.i.1,65,268.87198,65.0,,,,,393.54804,82.0
fpsol2.i.1,65,269.18317,65.0,,,,,536.47948,81.0
fpsol2.i.1,65,,,,,,,837.43892,79.0
fpsol2.i.1,65,,,,,,,1694.16898,79.0
fpsol2.i.1,65,,,,,,,,
games120,9,0.00221,14.0,0.07444,12.0,0.0858,10.0,10.30154,9.0
games120,9,0.735,13.0,0.07598,9.0,0.09638,9.0,13.91231,9.0
games120,9,0.74024,9.0,0.07692,9.0,0.10301,9.0,14.65187,9.0
games120,9,0.74351,9.0,,,,,15.8828,9.0
games120,9,,,,,,,18.02538,9.0
games120,9,,,,,,,24.48504,9.0
games120,9,,,,,,,,
huck,11,0.00382,40.0,0.34324,11.0,0.48986,12.0,7.01212,11.0
huck,11,0.50037,13.0,0.36614,11.0,0.51473,11.0,10.60882,11.0
huck,11,0.5079,11.0,,,0.57167,11.0,10.94221,11.0
huck,11,0.51324,11.0,,,,,11.75372,11.0
huck,11,,,,,,,13.52136,11.0
huck,11,,,,,,,18.57168,11.0
huck,11,,,,,,,,
jean,10,0.00248,35.0,0.3293,37.0,0.25872,12.0,4.7456,10.0
jean,10,0.07884,33.0,0.35378,36.0,0.27241,11.0,8.29799,10.0
jean,10,0.32197,18.0,0.35779,10.0,0.30951,10.0,8.68016,10.0
jean,10,0.3279,10.0,0.39137,10.0,0.33039,10.0,9.54208,10.0
jean,10,0.33626,10.0,,,,,11.16208,10.0
jean,10,,,,,,,16.07799,10.0
jean,10,,,,,,,,
le450_5a,5,0.03474,43.0,4.09229,14.0,2.62199,26.0,14.83993,7.0
le450_5a,5,129.9688,43.0,13.58292,13.0,3.16842,17.0,20.94537,6.0
le450_5a,5,,,13.79934,12.0,4.51635,12.0,22.4089,6.0
le450_5a,5,,,130.11295,12.0,130.19784,12.0,25.58648,6.0
le450_5a,5,,,,,,,31.75868,6.0
le450_5a,5,,,,,,,50.61166,6.0
le450_5a,5,,,,,,,,
le450_15a,15,0.10161,99.0,10.51559,22.0,12.23057,31.0,52.75622,18.0
le450_15a,15,210.62473,29.0,22.52013,21.0,13.92499,27.0,63.3797,17.0
le450_15a,15,211.02561,22.0,410.64562,20.0,19.49424,21.0,71.10411,17.0
le450_15a,15,212.29783,21.0,439.51005,20.0,447.64254,21.0,77.47208,17.0
le450_15a,15,439.3799,21.0,,,,,95.13248,17.0
le450_15a,15,,,,,,,147.61402,17.0
le450_15a,15,,,,,,,,
le450_25a,25,0.17279,126.0,14.70379,28.0,2.90138,30.0,83.5544,27.0
le450_25a,25,489.64356,31.0,26.06478,27.0,696.26954,30.0,104.13265,26.0
le450_25a,25,490.24234,28.0,26.80039,26.0,,,106.73889,26.0
le450_25a,25,493.07696,27.0,55.67988,25.0,,,120.91123,26.0
le450_25a,25,695.76844,27.0,55.91678,25.0,,,147.57868,26.0
le450_25a,25,,,,,,,227.94733,26.0
le450_25a,25,,,,,,,,
miles250,8,0.00187,17.0,0.08413,15.0,0.10371,13.0,16.65435,8.0
miles250,8,0.69888,9.0,0.08584,9.0,0.11978,9.0,20.81472,8.0
miles250,8,2.47457,8.0,0.21058,8.0,1.25856,13.0,21.36413,8.0
miles250,8,2.48049,8.0,0.21656,8.0,4.7378,8.0,22.6371,8.0
miles250,8,,,,,5.11163,8.0,24.5977,8.0
miles250,8,,,,,,,30.62063,8.0
miles250,8,,,,,,,,
miles500,20,0.00865,39.0,0.88906,22.0,0.56007,21.0,10.50494,20.0
miles500,20,8.8351,28.0,1.51759,20.0,0.60201,20.0,16.2351,20.0
miles500,20,8.90132,21.0,1.59461,20.0,0.69408,20.0,17.92654,20.0
miles500,20,18.97991,20.0,,,,,20.82237,20.0
miles500,20,18.98891,20.0,,,,,26.438,20.0
miles500,20,,,,,,,43.79917,20.0
miles500,20,,,,,,,,
miles750,31,0.02021,60.0,1.95422,34.0,1.68651,35.0,10.07612,31.0
miles750,31,18.51236,34.0,4.70548,33.0,1.88846,33.0,17.4145,31.0
miles750,31,18.62548,33.0,4.75414,32.0,1.9938,32.0,19.97891,31.0
miles750,31,34.87083,32.0,5.68561,31.0,125.88014,32.0,24.66153,31.0
miles750,31,37.07123,31.0,5.89818,31.0,,,33.74736,31.0
miles750,31,37.07915,31.0,,,,,60.90129,31.0
miles750,31,,,,,,,,
miles1000,42,0.0271,83.0,2.77152,44.0,3.05015,47.0,7.58676,42.0
miles1000,42,34.75834,44.0,7.65016,43.0,3.20254,45.0,16.14593,42.0
miles1000,42,66.75697,43.0,8.66947,42.0,3.51244,43.0,19.68829,42.0
miles1000,42,152.30361,43.0,9.09856,42.0,154.74403,43.0,25.81643,42.0
miles1000,42,,,,,,,38.09589,42.0
miles1000,42,,,,,,,74.83028,42.0
miles1000,42,,,,,,,,
miles1500,73,0.06835,99.0,4.31935,76.0,5.27356,74.0,9.10468,73.0
miles1500,73,42.00437,76.0,12.69422,75.0,5.7699,73.0,21.73763,73.0
miles1500,73,42.60596,75.0,13.8529,73.0,6.05657,73.0,27.86879,73.0
miles1500,73,67.04194,73.0,14.28427,73.0,,,38.1348,73.0
miles1500,73,67.08328,73.0,,,,,58.68612,73.0
miles1500,73,,,,,,,120.67101,73.0
miles1500,73,,,,,,,,
mulsol.i.1,49,0.06277,95.0,5.92621,49.0,7.94086,51.0,21.83301,49.0
mulsol.i.1,49,4.51371,83.0,5.99528,49.0,8.41275,50.0,35.0267,49.0
mulsol.i.1,49,26.75988,58.0,,,9.31316,49.0,41.6574,49.0
mulsol.i.1,49,26.87424,49.0,,,9.8491,49.0,52.89843,49.0
mulsol.i.1,49,26.90042,49.0,,,,,74.74032,49.0
mulsol.i.1,49,,,,,,,140.04845,49.0
mulsol.i.1,49,,,,,,,,
myciel3,4,0.00023,6.0,0.00791,4.0,0.00885,4.0,1.73979,4.0
myciel3,4,0.00957,4.0,0.00822,4.0,0.00954,4.0,5.17115,4.0
myciel3,4,0.01039,4.0,,,,,5.24088,4.0
myciel3,4,,,,,,,5.24684,4.0
myciel3,4,,,,,,,5.35208,4.0
myciel3,4,,,,,,,5.59691,4.0
myciel3,4,,,,,,,,
myciel4,5,0.00018,11.0,0.01303,5.0,0.01311,5.0,1.8721,5.0
myciel4,5,0.02246,5.0,0.01329,5.0,0.01399,5.0,5.42847,5.0
myciel4,5,0.02471,5.0,,,,,5.44111,5.0
myciel4,5,,,,,,,5.60195,5.0
myciel4,5,,,,,,,5.85115,5.0
myciel4,5,,,,,,,6.51923,5.0
myciel4,5,,,,,,,,
myciel5,6,0.00065,22.0,0.06483,21.0,0.07359,11.0,6.26753,6.0
myciel5,6,0.26113,6.0,0.06762,6.0,0.0825,6.0,10.04449,6.0
myciel5,6,0.26704,6.0,0.06831,6.0,0.08778,6.0,10.18805,6.0
myciel5,6,,,,,,,10.51263,6.0
myciel5,6,,,,,,,11.06803,6.0
myciel5,6,,,,,,,12.66153,6.0
myciel5,6,,,,,,,,
myciel6,7,0.00726,43.0,0.36132,44.0,0.57425,10.0,10.74984,7.0
myciel6,7,6.34969,17.0,0.39891,43.0,0.64716,8.0,15.05894,7.0
myciel6,7,6.36444,7.0,0.42207,42.0,50.16149,8.0,15.39587,7.0
myciel6,7,6.3732,7.0,0.45954,7.0,,,15.94177,7.0
myciel6,7,,,0.49699,7.0,,,17.22095,7.0
myciel6,7,,,,,,,21.10485,7.0
myciel6,7,,,,,,,,
myciel7,8,0.03164,88.0,6.37865,8.0,4.80112,15.0,28.88616,8.0
myciel7,8,16.88576,19.0,6.56703,8.0,5.06726,13.0,33.90443,8.0
myciel7,8,16.96585,8.0,,,5.63856,8.0,35.02497,8.0
myciel7,8,16.98153,8.0,,,5.97602,8.0,36.55301,8.0
myciel7,8,,,,,,,39.73174,8.0
myciel7,8,,,,,,,49.18666,8.0
myciel7,8,,,,,,,,
queen5_5,5,0.00038,14.0,0.02371,8.0,0.03263,6.0,2.15287,5.0
queen5_5,5,0.06477,8.0,0.04888,5.0,0.38055,5.0,6.13856,5.0
queen5_5,5,0.06724,7.0,0.05104,5.0,0.42582,5.0,6.16148,5.0
queen5_5,5,0.11571,6.0,,,,,6.28441,5.0
queen5_5,5,0.13467,5.0,,,,,6.49002,5.0
queen5_5,5,0.13525,5.0,,,,,7.22463,5.0
queen5_5,5,,,,,,,,
queen6_6,7,0.00136,19.0,0.05874,11.0,0.05414,12.0,2.30057,8.0
queen6_6,7,0.15072,10.0,0.55983,9.0,0.06235,9.0,6.53954,7.0
queen6_6,7,0.15625,9.0,0.61821,8.0,0.8809,8.0,6.55733,7.0
queen6_6,7,0.23908,8.0,7.84145,7.0,3.65191,7.0,6.96677,7.0
queen6_6,7,0.57949,15.0,7.92608,7.0,3.8105,7.0,7.54496,7.0
queen6_6,7,2.09676,7.0,,,,,9.21319,7.0
queen6_6,7,2.14289,7.0,,,,,,
queen7_7,7,0.00261,25.0,0.3418,10.0,0.11157,14.0,7.04262,8.0
queen7_7,7,0.43499,13.0,1.58924,9.0,0.12351,12.0,11.3922,7.0
queen7_7,7,0.43882,10.0,2.30034,7.0,5.49756,11.0,11.55672,7.0
queen7_7,7,1.11556,17.0,2.4849,7.0,8.08541,10.0,12.12049,7.0
queen7_7,7,2.14697,7.0,,,23.64664,9.0,12.91795,7.0
queen7_7,7,2.18695,7.0,,,39.59681,9.0,15.41771,7.0
queen7_7,7,,,,,,,,
queen8_8,9,0.00441,28.0,0.42721,28.0,0.18345,16.0,5.41538,10.0
queen8_8,9,0.74818,20.0,0.45642,13.0,0.19364,14.0,10.20221,10.0
queen8_8,9,1.67653,11.0,3.9618,11.0,0.21323,13.0,10.5038,9.0
queen8_8,9,2.67911,10.0,8.07031,10.0,14.14296,12.0,11.17355,9.0
queen8_8,9,5.78525,13.0,34.90037,9.0,41.192,12.0,12.55917,9.0
queen8_8,9,32.01233,9.0,35.14847,9.0,,,16.57689,9.0
queen8_8,9,32.31871,9.0,,,,,,
queen8_12,12,0.00903,33.0,0.65894,32.0,0.38794,18.0,9.14183,12.0
queen8_12,12,10.10613,14.0,0.72328,15.0,0.41276,16.0,14.34991,12.0
queen8_12,12,12.22282,12.0,6.92876,13.0,0.45993,15.0,14.97685,12.0
queen8_12,12,12.23159,12.0,15.59043,12.0,60.97963,15.0,16.19529,12.0
queen8_12,12,,,15.75869,12.0,,,18.66088,12.0
queen8_12,12,,,,,,,25.8948,12.0
queen8_12,12,,,,,,,,
queen9_9,10,0.0074,31.0,0.38098,33.0,0.31556,16.0,6.08433,11.0
queen9_9,10,1.93997,21.0,0.39587,16.0,0.33432,15.0,11.16829,11.0
queen9_9,10,1.97961,13.0,5.41598,12.0,0.37039,13.0,11.6643,10.0
queen9_9,10,3.72657,12.0,6.34485,11.0,23.02139,12.0,12.57904,10.0
queen9_9,10,3.77491,11.0,48.09963,11.0,47.75924,12.0,14.43479,10.0
queen9_9,10,13.5626,22.0,,,,,19.99195,10.0
queen9_9,10,47.9043,10.0,,,,,,
queen11_11,11,0.01407,40.0,1.69427,17.0,0.69969,20.0,10.00919,13.0
queen11_11,11,6.43044,17.0,20.09988,16.0,0.7502,19.0,15.27969,13.0
queen11_11,11,6.51363,15.0,20.16059,15.0,0.84606,17.0,16.18167,13.0
queen11_11,11,12.72141,14.0,20.4686,14.0,38.31068,16.0,17.94912,13.0
queen11_11,11,46.74841,23.0,70.57594,14.0,70.7865,16.0,21.07563,12.0
queen11_11,11,61.6299,13.0,,,,,31.04016,12.0
queen11_11,11,70.51581,13.0,,,,,,
queen13_13,13,0.02087,49.0,1.63512,21.0,1.44146,25.0,16.67254,15.0
queen13_13,13,16.81517,20.0,63.03209,20.0,1.55348,23.0,23.08683,15.0
queen13_13,13,17.01889,18.0,63.14583,19.0,1.80226,18.0,24.56839,15.0
queen13_13,13,31.64152,17.0,78.63084,18.0,108.8984,18.0,27.24976,14.0
queen13_13,13,31.92426,16.0,108.90621,18.0,,,32.97298,15.0
queen13_13,13,99.85278,32.0,,,,,49.12815,14.0
queen13_13,13,108.88947,16.0,,,,,,
school1,14,0.81952,232.0,54.9132,42.0,82.43806,55.0,195.37473,14.0
school1,14,772.18172,232.0,147.19158,41.0,86.87494,52.0,208.10473,14.0
school1,14,,,771.12934,41.0,95.98894,38.0,214.37376,14.0
school1,14,,,,,778.79127,38.0,223.11332,14.0
school1,14,,,,,,,225.82087,14.0
school1,14,,,,,,,261.62226,14.0
school1,14,,,,,,,,
zeroin.i.1,49,0.05069,90.0,5.1419,49.0,7.67891,50.0,14.83654,49.0
zeroin.i.1,49,4.59398,85.0,5.202,49.0,291.67526,50.0,29.68886,49.0
zeroin.i.1,49,31.18038,61.0,,,,,36.77321,49.0
zeroin.i.1,49,31.32562,49.0,,,,,48.37359,49.0
zeroin.i.1,49,31.35041,49.0,,,,,71.9014,49.0
zeroin.i.1,49,,,,,,,142.42406,49.0
zeroin.i.1,49,,,,,,,,
zeroin.i.2,30,0.0626,101.0,8.51548,30.0,10.6937,34.0,19.03754,45.0
zeroin.i.2,30,39.87057,44.0,8.7492,30.0,11.80372,30.0,30.65289,30.0
zeroin.i.2,30,40.04282,30.0,,,12.54578,30.0,35.58704,31.0
zeroin.i.2,30,40.07094,30.0,,,,,44.11511,30.0
zeroin.i.2,30,,,,,,,59.48627,30.0
zeroin.i.2,30,,,,,,,110.22507,31.0
zeroin.i.2,30,,,,,,,,
zeroin.i.3,30,0.06177,101.0,8.5841,30.0,10.05302,34.0,23.81877,32.0
zeroin.i.3,30,36.17163,45.0,8.82788,30.0,10.58967,32.0,35.50317,31.0
zeroin.i.3,30,36.34159,30.0,,,11.67002,30.0,39.41686,31.0
zeroin.i.3,30,36.37097,30.0,,,12.32248,30.0,46.55856,31.0
zeroin.i.3,30,,,,,,,61.55729,32.0
zeroin.i.3,30,,,,,,,107.09705,31.0
zeroin.i.3,30,,,,,,,,
