instance,best_known,MILP_time,MILP_value,MIQP_time,MIQP_value,QUBO_time,QUBO_value,AMFD_time,AMFD_value
G1,11624,0.00923,0.0,,,0.00053,0.0,0.85266,11623.0
G1,11624,0.31712,9426.0,,,0.03269,11514.0,2.43672,11624.0
G1,11624,0.76624,10175.0,,,0.04136,11593.0,2.82623,11624.0
G1,11624,1.9409,10278.0,,,8.87091,11594.0,3.23011,11624.0
G1,11624,3.49558,10297.0,,,13.68989,11597.0,3.99304,11624.0
G1,11624,3.63255,10306.0,,,14.09104,11598.0,7.77162,11624.0
G1,11624,15.56849,10306.0,,,15.84157,11598.0,,
G2,11620,0.00888,0.0,,,0.00057,0.0,0.91626,11617.0
G2,11620,0.29458,9803.0,,,0.03036,11569.0,1.79258,11617.0
G2,11620,0.69278,10178.0,,,0.04305,11590.0,2.25853,11620.0
G2,11620,1.81947,10191.0,,,7.9266,11591.0,2.87379,11620.0
G2,11620,3.54902,10196.0,,,8.75002,11592.0,4.07939,11617.0
G2,11620,3.67296,10234.0,,,9.1237,11599.0,7.85823,11620.0
G2,11620,15.73436,10234.0,,,15.92949,11599.0,,
G3,11622,0.00905,0.0,,,0.00057,0.0,0.99335,11622.0
G3,11622,0.30471,8393.0,,,0.03401,11544.0,1.93334,11622.0
G3,11622,0.72617,10052.0,,,0.0419,11582.0,2.3117,11622.0
G3,11622,1.90276,10186.0,,,0.05045,11588.0,2.98168,11622.0
G3,11622,3.44212,10200.0,,,5.15805,11611.0,4.23539,11622.0
G3,11622,9.9496,10271.0,,,7.67508,11612.0,8.07309,11622.0
G3,11622,16.16296,10271.0,,,16.3588,11612.0,,
G4,11646,0.00983,0.0,13.93278,5377.0,0.03333,11601.0,1.04478,11641.0
G4,11646,0.29738,9963.0,14.02674,7110.0,6.7357,11615.0,2.07407,11646.0
G4,11646,0.69708,10084.0,14.10682,7808.0,8.43041,11622.0,2.62712,11646.0
G4,11646,1.83696,10090.0,17.23627,7808.0,8.78374,11627.0,3.09587,11646.0
G4,11646,3.27786,10133.0,,,11.38022,11629.0,4.45344,11646.0
G4,11646,10.84101,10147.0,,,12.01137,11641.0,8.31726,11646.0
G4,11646,16.64884,10155.0,,,16.85017,11641.0,,
G5,11631,0.00897,0.0,15.28552,5396.0,0.03268,11585.0,1.13958,11626.0
G5,11631,0.2958,9489.0,15.37732,6986.0,5.25933,11594.0,2.22324,11631.0
G5,11631,0.72788,10165.0,15.45714,7603.0,7.07388,11597.0,2.61352,11631.0
G5,11631,3.11749,10177.0,17.08813,7603.0,7.74362,11600.0,3.22313,11631.0
G5,11631,16.86804,10177.0,,,8.61019,11619.0,4.67891,11631.0
G5,11631,,,,,10.87756,11631.0,8.42335,11631.0
G5,11631,,,,,11.0703,11631.0,,
G6,2178,0.00894,0.0,13.78269,689.0,0.02212,2069.0,1.2153,2135.0
G6,2178,0.7355,1414.0,13.94943,195.0,5.4427,2144.0,2.41439,2161.0
G6,2178,0.79809,1416.0,17.08464,195.0,5.86278,2147.0,2.7834,2168.0
G6,2178,1.91798,1445.0,,,9.37389,2152.0,3.54983,2175.0
G6,2178,16.86571,1445.0,,,9.91107,2156.0,4.74731,2178.0
G6,2178,,,,,10.67817,2178.0,8.42813,2178.0
G6,2178,,,,,10.75863,2178.0,,
G8,2005,0.00969,0.0,15.06757,450.0,0.00049,0.0,1.355,1979.0
G8,2005,0.71248,1310.0,15.23962,772.0,0.03236,2002.0,2.70342,1997.0
G8,2005,1.85673,1366.0,18.38606,772.0,6.04363,2005.0,3.10127,2000.0
G8,2005,17.64867,1366.0,,,6.07239,2005.0,3.77856,2005.0
G8,2005,,,,,,,4.96865,2004.0
G8,2005,,,,,,,8.81857,2005.0
G10,2000,0.00914,0.0,14.72082,815.0,0.00058,0.0,0.86379,1962.0
G10,2000,0.74069,1213.0,14.84744,1077.0,0.03483,1941.0,1.83922,1996.0
G10,2000,1.9175,1283.0,14.92941,1112.0,0.03907,1978.0,2.17614,1997.0
G10,2000,3.16365,1285.0,15.69997,1112.0,8.69347,1979.0,2.73729,2000.0
G10,2000,15.47762,1285.0,,,15.76871,1979.0,3.94944,1999.0
G10,2000,,,,,,,7.72906,2000.0
G12,556,0.28487,498.0,1.80976,464.0,0.00017,0.0,0.84162,550.0
G12,556,0.7741,506.0,2.88896,478.0,0.01819,530.0,1.70329,554.0
G12,556,1.18653,510.0,5.3047,548.0,2.6156,548.0,2.03218,554.0
G12,556,2.26698,542.0,6.73518,552.0,3.1248,554.0,2.67424,554.0
G12,556,3.8235,554.0,8.07354,554.0,4.04895,556.0,4.04306,556.0
G12,556,6.03095,556.0,12.82496,556.0,4.22716,556.0,7.89377,556.0
G12,556,6.20666,556.0,13.17193,556.0,,,,
G14,3064,0.00262,0.0,0.63993,5.0,0.00036,0.0,0.88563,3048.0
G14,3064,0.0767,2419.0,1.10545,2681.0,0.02002,3008.0,1.75663,3057.0
G14,3064,0.16346,2743.0,1.69321,2702.0,8.80776,3010.0,2.19618,3056.0
G14,3064,7.7077,2825.0,4.55419,2722.0,15.92256,3010.0,2.86045,3058.0
G14,3064,15.72375,2825.0,14.94799,2799.0,,,4.09922,3062.0
G14,3064,,,14.97564,2859.0,,,7.85685,3063.0
G14,3064,,,15.89901,2859.0,,,,
G16,3052,0.00266,0.0,0.62952,0.0,0.00035,0.0,0.89333,3032.0
G16,3052,0.07697,2421.0,0.67458,5.0,0.02148,2999.0,1.87597,3039.0
G16,3052,0.16174,2725.0,0.70698,107.0,16.03775,2999.0,2.19457,3047.0
G16,3052,0.60287,2747.0,1.14377,2675.0,,,2.76017,3047.0
G16,3052,1.2976,2751.0,1.18796,2704.0,,,4.09918,3049.0
G16,3052,9.24975,2820.0,6.24814,2766.0,,,7.9359,3052.0
G16,3052,15.88232,2871.0,16.08422,2766.0,,,,
G18,992,0.0027,0.0,0.4001,2.0,0.00036,0.0,0.90561,955.0
G18,992,0.07697,13.0,1.42197,577.0,0.02282,936.0,1.77046,980.0
G18,992,0.16383,610.0,3.51022,596.0,15.73898,936.0,2.15072,982.0
G18,992,0.623,673.0,5.79361,635.0,,,2.84569,982.0
G18,992,0.72714,675.0,10.34528,675.0,,,4.26506,988.0
G18,992,10.27484,699.0,14.04604,706.0,,,7.8233,989.0
G18,992,15.65575,699.0,15.85016,726.0,,,,
G20,941,0.00266,0.0,1.70049,533.0,0.00037,0.0,0.92466,903.0
G20,941,0.07929,27.0,3.44335,547.0,0.01493,879.0,1.85463,940.0
G20,941,0.1683,621.0,5.485,558.0,0.01585,882.0,2.1831,941.0
G20,941,0.62097,626.0,6.56009,572.0,3.90371,883.0,2.8168,936.0
G20,941,0.72467,634.0,9.79085,633.0,14.39891,895.0,4.26497,940.0
G20,941,9.13411,665.0,11.4569,639.0,15.94434,895.0,7.87305,939.0
G20,941,15.76508,665.0,15.96347,645.0,,,,
G22,13359,0.96639,11263.0,2.92497,5173.0,0.00062,0.0,1.3863,13357.0
G22,13359,2.0436,11296.0,8.21541,10541.0,0.04085,13193.0,3.71535,13358.0
G22,13359,4.34533,11307.0,13.89528,10862.0,0.04547,13205.0,3.83818,13358.0
G22,13359,16.45543,11349.0,17.8241,11126.0,37.03728,13205.0,5.43838,13358.0
G22,13359,27.821,11371.0,22.30392,11484.0,,,8.46453,13358.0
G22,13359,32.73894,11397.0,31.58302,11990.0,,,18.09377,13359.0
G22,13359,36.25762,11402.0,37.00297,12178.0,,,,
G24,13337,0.00478,0.0,1.09634,2026.0,0.0007,0.0,1.37316,13320.0
G24,13337,0.31934,10574.0,6.15821,5520.0,0.03132,13144.0,2.85987,13334.0
G24,13337,0.84014,11270.0,10.79202,9106.0,0.03623,13202.0,3.8273,13335.0
G24,13337,2.84599,11280.0,19.81128,10860.0,38.16014,13202.0,5.21946,13335.0
G24,13337,35.54612,11375.0,24.23439,11384.0,,,8.54444,13336.0
G24,13337,35.63092,11414.0,33.91867,11887.0,,,18.08769,13337.0
G24,13337,36.1961,11414.0,36.48598,12082.0,,,,
G26,13328,0.0096,0.0,2.79891,5220.0,0.00035,0.0,1.37442,13301.0
G26,13328,0.33165,10752.0,8.36754,5322.0,0.02425,13136.0,2.92689,13324.0
G26,13328,0.83855,11225.0,12.94671,6737.0,37.97783,13136.0,3.78863,13324.0
G26,13328,1.91676,11275.0,22.12636,10995.0,,,5.41456,13326.0
G26,13328,3.30591,11289.0,27.62695,11331.0,,,8.53332,13326.0
G26,13328,20.84212,11291.0,34.11949,11710.0,,,18.10607,13326.0
G26,13328,36.24053,12137.0,36.61475,11878.0,,,,
G28,3298,0.00939,0.0,6.12403,1329.0,0.00071,0.0,1.3611,3234.0
G28,3298,0.89052,2069.0,10.64581,1449.0,0.04056,3121.0,2.70645,3283.0
G28,3298,2.02539,2214.0,14.33885,1605.0,38.81066,3121.0,3.66442,3289.0
G28,3298,2.60344,2216.0,19.99285,1789.0,,,5.39941,3292.0
G28,3298,18.56381,2220.0,25.51678,2031.0,,,8.664,3292.0
G28,3298,34.22111,2242.0,30.73701,2138.0,,,17.9956,3293.0
G28,3298,36.00789,2242.0,36.26818,2230.0,,,,
G30,3413,0.87774,2189.0,6.42954,1607.0,0.00072,0.0,1.4369,3362.0
G30,3413,2.01385,2211.0,10.71458,1698.0,0.03425,3175.0,2.80131,3392.0
G30,3413,3.13149,2214.0,21.04775,1944.0,0.03926,3255.0,3.76888,3397.0
G30,3413,8.64258,2219.0,26.33235,2138.0,39.28873,3255.0,5.36895,3411.0
G30,3413,13.76337,2220.0,30.83745,2209.0,,,8.69354,3409.0
G30,3413,33.42645,2222.0,35.11462,2311.0,,,18.17281,3412.0
G30,3413,36.35697,2224.0,36.62931,2311.0,,,,
G32,1410,0.86372,1206.0,2.22601,1044.0,0.01654,1332.0,1.43262,1382.0
G32,1410,2.63076,1228.0,3.28718,1104.0,5.12212,1360.0,3.07972,1402.0
G32,1410,4.12277,1280.0,5.53258,1168.0,6.53622,1378.0,3.83432,1406.0
G32,1410,15.79768,1400.0,6.83491,1222.0,10.24547,1388.0,5.3315,1406.0
G32,1410,16.93874,1406.0,22.74416,1370.0,14.98286,1390.0,8.64629,1404.0
G32,1410,35.5765,1410.0,29.03384,1404.0,18.51862,1400.0,18.05676,1402.0
G32,1410,35.95593,1410.0,36.41291,1404.0,19.72372,1410.0,,
G34,1384,0.88062,1142.0,2.08907,968.0,0.02417,1332.0,1.44721,1366.0
G34,1384,3.0746,1278.0,4.58575,1194.0,5.52163,1362.0,2.86984,1376.0
G34,1384,6.71488,1296.0,6.36634,1220.0,10.51418,1380.0,3.89172,1376.0
G34,1384,7.84951,1318.0,10.0162,1312.0,16.56308,1380.0,5.40036,1380.0
G34,1384,18.22602,1382.0,13.57253,1334.0,23.75098,1382.0,8.63687,1378.0
G34,1384,19.10084,1384.0,24.7244,1368.0,28.72493,1384.0,18.16093,1378.0
G34,1384,19.29313,1384.0,36.89762,1372.0,29.13042,1384.0,,
G36,7680,0.00619,0.0,4.82798,6353.0,0.00059,0.0,1.45207,7635.0
G36,7680,0.19178,6150.0,10.24364,6760.0,0.02822,7523.0,2.96587,7654.0
G36,7680,0.42597,6864.0,14.53853,6963.0,27.14814,7552.0,3.83751,7658.0
G36,7680,1.2882,6887.0,18.40749,7076.0,27.15358,7556.0,5.38107,7669.0
G36,7680,1.9662,6889.0,23.54503,7107.0,38.39308,7556.0,8.61304,7668.0
G36,7680,13.38979,6939.0,30.61555,7216.0,,,18.24947,7672.0
G36,7680,36.50893,6939.0,36.85901,7244.0,,,,
G38,7688,0.19078,5984.0,2.62852,6129.0,0.00057,0.0,1.43865,7652.0
G38,7688,0.43115,6883.0,5.61336,6612.0,0.02716,7534.0,2.99468,7665.0
G38,7688,1.34579,6896.0,12.24929,6941.0,28.14939,7560.0,3.83041,7670.0
G38,7688,3.59793,6898.0,17.03172,7082.0,38.40499,7560.0,5.37427,7670.0
G38,7688,12.14346,6903.0,29.84181,7249.0,,,8.87791,7672.0
G38,7688,30.34294,6984.0,32.33731,7280.0,,,18.25644,7675.0
G38,7688,36.52327,7408.0,36.99589,7287.0,,,,
G40,2400,1.41778,1519.0,0.63835,1021.0,0.00027,0.0,1.49108,2344.0
G40,2400,4.39487,1524.0,2.19758,1089.0,0.03223,2266.0,2.97974,2372.0
G40,2400,13.34892,1529.0,4.86931,1098.0,9.06517,2267.0,3.87997,2400.0
G40,2400,29.44459,1573.0,5.4244,1174.0,16.7437,2268.0,5.47475,2391.0
G40,2400,32.10019,1907.0,6.82228,1228.0,37.3298,2268.0,8.64183,2395.0
G40,2400,33.19532,1919.0,15.34885,1339.0,,,18.40588,2400.0
G40,2400,36.83211,1945.0,37.20443,1357.0,,,,
G42,2481,0.00621,0.0,2.98445,1166.0,0.00029,0.0,1.50602,2412.0
G42,2481,0.20042,76.0,9.90595,1392.0,0.04943,2342.0,3.1436,2438.0
G42,2481,0.47051,1613.0,16.24832,1586.0,19.19981,2343.0,4.1203,2464.0
G42,2481,1.42587,1641.0,22.44555,1656.0,19.74899,2344.0,5.47203,2469.0
G42,2481,1.86594,1694.0,28.34876,1717.0,38.50239,2344.0,8.82375,2468.0
G42,2481,31.14364,1811.0,33.01532,1776.0,,,18.25204,2475.0
G42,2481,36.5261,1891.0,36.71726,1841.0,,,,
G44,6650,0.00517,0.0,3.16135,5657.0,0.00045,0.0,1.17578,6641.0
G44,6650,0.16234,5250.0,6.00515,5679.0,0.02274,6593.0,2.92804,6650.0
G44,6650,0.35028,5730.0,10.0039,5746.0,0.02522,6613.0,3.31995,6649.0
G44,6650,1.54926,5846.0,11.47576,5809.0,19.97937,6613.0,3.65044,6650.0
G44,6650,1.62855,5855.0,12.89975,5886.0,,,5.12226,6650.0
G44,6650,16.02936,6033.0,16.57032,5926.0,,,9.84288,6650.0
G44,6650,19.69545,6033.0,20.01451,5973.0,,,,
G46,6649,0.00512,0.0,2.14505,5637.0,0.0004,0.0,1.17703,6634.0
G46,6649,0.16801,5259.0,3.76769,5672.0,0.02301,6587.0,2.29908,6646.0
G46,6649,0.3685,5660.0,6.278,5695.0,20.01048,6587.0,2.77853,6649.0
G46,6649,15.9497,5668.0,9.62332,5773.0,,,3.65372,6647.0
G46,6649,15.98535,6074.0,14.02202,5911.0,,,5.21402,6649.0
G46,6649,19.6053,6074.0,15.99891,5950.0,,,9.79738,6649.0
G46,6649,,,19.81124,5950.0,,,,
G48,6000,0.00359,0.0,0.49897,0.0,0.0003,0.0,1.91417,6000.0
G48,6000,0.09452,6000.0,0.51376,4.0,0.0335,5806.0,5.26304,6000.0
G48,6000,0.10075,6000.0,0.53249,8.0,0.04216,5878.0,6.27649,6000.0
G48,6000,,,0.74289,6000.0,0.04554,5880.0,9.72795,6000.0
G48,6000,,,0.90661,6000.0,0.43887,6000.0,16.77592,6000.0
G48,6000,,,,,0.51456,6000.0,37.74188,6000.0
G50,5880,0.00347,0.0,1.8147,4172.0,0.00053,0.0,1.9215,5880.0
G50,5880,0.09089,5880.0,4.5454,5584.0,0.03455,5810.0,4.25778,5880.0
G50,5880,0.09611,5880.0,7.14452,5636.0,0.03965,5880.0,6.47489,5880.0
G50,5880,,,14.1454,5804.0,0.04349,5880.0,9.90908,5880.0
G50,5880,,,16.74247,5816.0,,,17.02844,5880.0
G50,5880,,,59.79213,5838.0,,,38.26384,5880.0
G50,5880,,,76.81064,5862.0,,,,
G52,3851,0.00321,0.0,0.49799,0.0,0.00033,0.0,1.22886,3825.0
G52,3851,0.09472,3077.0,0.51135,5.0,0.0188,3776.0,2.57085,3842.0
G52,3851,0.19711,3438.0,1.04223,3293.0,20.16037,3776.0,3.21124,3847.0
G52,3851,0.71304,3461.0,1.09284,3331.0,,,3.6792,3844.0
G52,3851,1.94343,3468.0,1.80519,3368.0,,,5.22955,3844.0
G52,3851,8.94824,3514.0,8.10157,3516.0,,,9.984,3848.0
G52,3851,19.97539,3550.0,22.17496,3516.0,,,,
G54,3852,0.00315,0.0,0.51787,5.0,0.00035,0.0,1.23416,3830.0
G54,3852,0.0937,2987.0,1.10116,3372.0,0.01705,3783.0,2.582,3836.0
G54,3852,0.19369,3443.0,2.51066,3375.0,20.34896,3792.0,3.08993,3839.0
G54,3852,0.70904,3475.0,8.14558,3382.0,,,3.67071,3845.0
G54,3852,1.59525,3477.0,8.17361,3460.0,,,5.24831,3844.0
G54,3852,8.24652,3508.0,8.2745,3463.0,,,10.06617,3850.0
G54,3852,20.13895,3520.0,20.33571,3463.0,,,,
G56,4017,2.06555,2621.0,14.88507,3160.0,8.57508,3731.0,5.56432,3947.0
G56,4017,21.54843,2634.0,27.97342,3364.0,27.92112,3734.0,12.71675,3974.0
G56,4017,35.64537,3209.0,52.44008,3394.0,44.04679,3736.0,19.71017,3983.0
G56,4017,39.0481,3461.0,65.53591,3454.0,66.83286,3858.0,32.46697,3994.0
G56,4017,43.04971,3606.0,113.74078,3513.0,91.48816,3861.0,58.63013,3998.0
G56,4017,125.44642,3643.0,242.63076,3558.0,265.70238,3863.0,136.48167,4000.0
G56,4017,272.98618,3735.0,273.87446,3564.0,273.34661,3864.0,,
G58,19293,3.19226,17306.0,31.4125,16888.0,0.00106,0.0,5.51148,19185.0
G58,19293,11.77307,17315.0,79.84627,17974.0,0.09167,18876.0,11.83215,19222.0
G58,19293,26.94719,17326.0,153.46677,18168.0,51.11891,18904.0,19.46989,19242.0
G58,19293,64.22961,17397.0,177.7067,18200.0,90.64916,18909.0,32.43848,19243.0
G58,19293,104.9426,18457.0,199.62311,18220.0,90.70334,18963.0,58.61246,19253.0
G58,19293,174.54946,18580.0,250.66729,18266.0,153.14734,19032.0,136.50004,19261.0
G58,19293,273.03624,18680.0,276.50243,18266.0,273.20712,19032.0,,
G60,14190,0.29062,11571.0,48.84988,13040.0,55.02425,13855.0,13.74322,14096.0
G60,14190,1.12936,11572.0,80.78048,13063.0,91.6492,13920.0,32.07933,14166.0
G60,14190,4.03746,11768.0,99.19254,13109.0,222.91351,13950.0,55.74553,14168.0
G60,14190,37.34731,12442.0,148.53603,13122.0,415.07151,13951.0,96.82844,14174.0
G60,14190,66.83633,13157.0,256.03626,13132.0,795.47757,13955.0,179.00869,14183.0
G60,14190,76.29693,13829.0,593.07707,13141.0,839.56052,13957.0,425.14529,14182.0
G60,14190,850.34244,13829.0,852.67101,13145.0,850.56609,13957.0,,
G62,4870,3.82773,3790.0,101.65445,4460.0,0.06251,4566.0,13.71222,4812.0
G62,4870,13.81636,3996.0,154.80832,4542.0,15.95034,4716.0,31.16878,4828.0
G62,4870,54.32376,4786.0,274.63939,4690.0,73.44705,4786.0,55.7659,4828.0
G62,4870,64.84823,4822.0,400.98424,4750.0,89.25013,4796.0,96.78092,4832.0
G62,4870,75.02496,4840.0,490.71731,4774.0,116.45075,4798.0,179.17421,4832.0
G62,4870,119.63671,4866.0,580.1242,4846.0,160.60676,4868.0,425.34893,4838.0
G62,4870,120.20763,4870.0,856.37082,4858.0,163.61923,4870.0,,
G64,8751,0.01842,0.0,64.06617,6635.0,0.1494,7957.0,13.75395,8587.0
G64,8751,0.80083,303.0,349.72918,6736.0,104.34475,7999.0,31.14601,8679.0
G64,8751,2.19889,5697.0,415.73005,6847.0,148.6425,8054.0,55.82929,8701.0
G64,8751,6.05285,5710.0,451.43389,6915.0,228.15667,8221.0,96.82901,8676.0
G64,8751,850.15626,5710.0,542.03402,7217.0,579.69787,8223.0,179.05497,8709.0
G64,8751,,,829.38016,7263.0,735.02498,8224.0,425.05478,8706.0
G64,8751,,,856.45127,7263.0,851.8308,8257.0,,
G66,6364,3.49151,4880.0,277.98635,5992.0,25.4219,6102.0,30.28004,6288.0
G66,6364,23.11397,5194.0,469.05364,6138.0,55.96672,6242.0,62.95698,6306.0
G66,6364,87.97317,6276.0,601.33386,6202.0,76.47786,6252.0,107.67477,6304.0
G66,6364,247.02975,6320.0,810.82728,6262.0,124.69041,6340.0,183.66909,6310.0
G66,6364,396.57213,6360.0,969.9204,6298.0,184.48092,6358.0,335.89843,6314.0
G66,6364,925.24023,6362.0,1128.40746,6358.0,280.10467,6364.0,793.43801,6308.0
G66,6364,929.66768,6364.0,1592.39115,6360.0,281.83424,6364.0,,
G70,9591,0.20116,8762.0,200.44406,9501.0,74.64739,9508.0,39.4276,9477.0
G70,9591,1.11964,8941.0,629.82022,9521.0,217.05404,9522.0,81.38823,9509.0
G70,9591,4.04673,8965.0,925.42446,9566.0,426.3151,9536.0,140.79854,9524.0
G70,9591,20.54216,9025.0,1297.47868,9573.0,1129.46776,9578.0,240.27944,9518.0
G70,9591,34.24385,9344.0,1612.63899,9578.0,1262.16377,9579.0,440.06302,9530.0
G70,9591,38.54539,9460.0,1956.09705,9579.0,1568.04259,9584.0,1039.20571,9538.0
G70,9591,2078.41742,9471.0,2081.80135,9579.0,2084.84439,9584.0,,
G72,7006,72.41949,6848.0,102.10989,6354.0,27.28423,6752.0,39.51456,6924.0
G72,7006,137.36279,6918.0,257.00541,6568.0,69.93174,6850.0,80.69565,6938.0
G72,7006,535.17861,6998.0,373.41952,6704.0,110.78825,6866.0,140.43488,6950.0
G72,7006,616.90261,7000.0,528.73681,6766.0,148.80301,6878.0,240.25141,6948.0
G72,7006,801.39507,7002.0,619.48628,6888.0,264.03248,7004.0,439.94063,6946.0
G72,7006,863.73797,7008.0,873.91753,6976.0,322.70056,7008.0,1038.44327,6956.0
G72,7006,866.39518,7008.0,2095.42395,6996.0,324.81147,7008.0,,
G77,9938,119.52827,9568.0,341.61104,9362.0,46.52736,9518.0,103.37027,9828.0
G77,9938,335.13987,9906.0,517.71446,9550.0,98.50719,9712.0,224.35073,9858.0
G77,9938,513.3438,9926.0,730.22484,9652.0,150.90735,9730.0,400.9018,9852.0
G77,9938,1088.77044,9932.0,1081.69491,9720.0,201.16331,9848.0,697.2301,9858.0
G77,9938,1610.7793,9928.0,1503.01243,9820.0,242.81262,9920.0,1289.68293,9876.0
G77,9938,2015.33829,9938.0,1743.21548,9906.0,509.2128,9940.0,3067.61879,9876.0
G77,9938,2020.46912,9940.0,6159.56134,9936.0,511.33595,9940.0,,
G81,14048,181.6422,13472.0,1365.2054,13632.0,73.22262,13456.0,294.79146,13902.0
G81,14048,564.23521,13768.0,2127.52462,13684.0,908.94768,13770.0,636.9274,13932.0
G81,14048,1062.63354,13950.0,2615.35743,13822.0,1012.30624,13836.0,1144.76626,13952.0
G81,14048,1835.81214,14002.0,3696.06103,13960.0,1088.45078,14010.0,1995.40787,13948.0
G81,14048,2625.15228,14040.0,4564.1323,14008.0,1386.74875,14038.0,3694.4089,13942.0
G81,14048,3741.89654,14044.0,6770.32719,14048.0,1438.882,14048.0,8793.18777,13960.0
G81,14048,3810.55458,14054.0,6774.99891,14058.0,1445.04707,14048.0,,
