instance,process,step_scale,time,value,eta,zeta,constraint satisfaction
att48,tuning,2,1.80339,11464.0,0.002,0.0,True
att48,tuned,1,3.11012,11035.0,0.01,0.5,True
att48,tuning,2,1.70142,11464.0,0.002,0.0,True
att48,tuned,2,3.09815,11114.0,0.0075,0.5,True
att48,tuning,2,1.65565,11464.0,0.002,0.0,True
att48,tuned,5,4.11021,10847.0,0.002,0.0,True
att48,tuning,2,1.65426,11464.0,0.002,0.0,True
att48,tuned,10,5.85164,10739.0,0.01,0.0,True
att48,tuning,2,1.6684,11464.0,0.002,0.0,True
att48,tuned,20,9.46335,10729.0,0.0075,0.5,True
att48,tuning,2,1.5679,11464.0,0.002,0.0,True
att48,tuned,50,19.80718,10737.0,0.005,1.0,True
bays29,tuning,2,1.12552,2058.0,0.05,0.0,True
bays29,tuned,1,2.20024,2020.0,0.0075,0.5,True
bays29,tuning,2,1.0862,2058.0,0.05,0.0,True
bays29,tuned,2,2.09809,2020.0,0.0075,0.5,True
bays29,tuning,2,1.08198,2058.0,0.05,0.0,True
bays29,tuned,5,2.45658,2036.0,0.015,0.5,True
bays29,tuning,2,1.07894,2058.0,0.05,0.0,True
bays29,tuned,10,3.08572,2026.0,0.03,0.5,True
bays29,tuning,2,1.084,2058.0,0.05,0.0,True
bays29,tuned,20,4.29965,2028.0,0.02,0.0,True
bays29,tuning,2,1.085,2058.0,0.05,0.0,True
bays29,tuned,50,7.94968,2026.0,0.005,0.0,True
berlin52,tuning,2,1.81094,8712.0,0.02,0.0,True
berlin52,tuned,1,3.03031,8248.0,0.0125,1.0,True
berlin52,tuning,2,1.89379,8712.0,0.02,0.0,True
berlin52,tuned,2,3.57551,7826.0,0.015,0.0,True
berlin52,tuning,2,1.74911,8712.0,0.02,0.0,True
berlin52,tuned,5,4.54556,7542.0,0.0075,0.0,True
berlin52,tuning,2,1.81628,8712.0,0.02,0.0,True
berlin52,tuned,10,6.8182,7542.0,0.002,0.0,True
berlin52,tuning,2,1.73921,8712.0,0.02,0.0,True
berlin52,tuned,20,10.72037,7567.0,0.015,1.0,True
berlin52,tuning,2,1.93499,8712.0,0.02,0.0,True
berlin52,tuned,50,23.51432,7548.0,0.015,1.0,True
bier127,tuning,2,7.1546,132849.0,0.02,2.0,True
bier127,tuned,1,10.52011,132849.0,0.02,2.0,True
bier127,tuning,2,6.88957,132849.0,0.02,2.0,True
bier127,tuned,2,12.78257,127114.0,0.015,0.0,True
bier127,tuning,2,6.88461,132849.0,0.02,2.0,True
bier127,tuned,5,20.34666,124855.0,0.01,0.0,True
bier127,tuning,2,7.18677,132849.0,0.02,2.0,True
bier127,tuned,10,33.55273,122395.0,0.02,0.0,True
bier127,tuning,2,7.13287,132849.0,0.02,2.0,True
bier127,tuned,20,59.2246,122747.0,0.02,0.0,True
bier127,tuning,2,7.04493,132849.0,0.02,2.0,True
bier127,tuned,50,134.90489,120797.0,0.015,0.0,True
brazil58,tuning,2,2.20105,29883.0,0.02,2.0,True
brazil58,tuned,1,3.51204,28852.0,0.01,0.0,True
brazil58,tuning,2,2.00564,29883.0,0.02,2.0,True
brazil58,tuned,2,3.79457,27352.0,0.02,1.5,True
brazil58,tuning,2,2.06301,29883.0,0.02,2.0,True
brazil58,tuned,5,5.45475,26664.0,0.02,0.0,True
brazil58,tuning,2,2.05124,29883.0,0.02,2.0,True
brazil58,tuned,10,8.1117,26525.0,0.0075,0.0,True
brazil58,tuning,2,2.05182,29883.0,0.02,2.0,True
brazil58,tuned,20,13.2561,25899.0,0.015,0.0,True
brazil58,tuning,2,2.22119,29883.0,0.02,2.0,True
brazil58,tuned,50,29.06941,25717.0,0.0125,0.5,True
burma14,tuning,2,1.16259,3413.0,0.005,20.0,True
burma14,tuned,1,2.28709,3323.0,0.125,1.5,True
burma14,tuning,2,1.12402,3413.0,0.005,20.0,True
burma14,tuned,2,2.33867,3323.0,0.125,1.5,True
burma14,tuning,2,1.1015,3413.0,0.005,20.0,True
burma14,tuned,5,2.18359,3323.0,0.125,1.5,True
burma14,tuning,2,1.10573,3413.0,0.005,20.0,True
burma14,tuned,10,2.19069,3323.0,0.125,1.5,True
burma14,tuning,2,1.10843,3413.0,0.005,20.0,True
burma14,tuned,20,2.49801,3346.0,0.2,0.0,True
burma14,tuning,2,1.26391,3413.0,0.005,20.0,True
burma14,tuned,50,3.468,3323.0,0.125,1.0,True
ch130,tuning,2,7.27035,6811.0,0.005,0.0,True
ch130,tuned,1,10.99627,6554.0,0.005,0.0,True
ch130,tuning,2,7.4951,6811.0,0.005,0.0,True
ch130,tuned,2,14.08489,6581.0,0.0035,0.5,True
ch130,tuning,2,7.5321,6811.0,0.005,0.0,True
ch130,tuned,5,22.85103,6445.0,0.0125,1.0,True
ch130,tuning,2,7.22818,6811.0,0.005,0.0,True
ch130,tuned,10,36.85868,6413.0,0.005,0.0,True
ch130,tuning,2,7.1241,6811.0,0.005,0.0,True
ch130,tuned,20,65.2141,6331.0,0.0125,1.0,True
ch130,tuning,2,7.15836,6811.0,0.005,0.0,True
ch130,tuned,50,151.27896,6276.0,0.002,1.0,True
ch150,tuning,2,9.73079,7320.0,0.005,2.0,True
ch150,tuned,1,15.54709,6971.0,0.01,0.0,True
ch150,tuning,2,9.23458,7320.0,0.005,2.0,True
ch150,tuned,2,19.75996,6849.0,0.01,0.0,True
ch150,tuning,2,9.31168,7320.0,0.005,2.0,True
ch150,tuned,5,34.48731,6889.0,0.005,2.0,True
ch150,tuning,2,9.25567,7320.0,0.005,2.0,True
ch150,tuned,10,58.68829,6771.0,0.01,1.0,True
ch150,tuning,2,9.92327,7320.0,0.005,2.0,True
ch150,tuned,20,107.92681,6754.0,0.0075,0.5,True
ch150,tuning,2,9.81044,7320.0,0.005,2.0,True
ch150,tuned,50,253.25531,6661.0,0.01,0.5,True
dantzig42,tuning,2,1.69621,746.0,0.005,0.0,True
dantzig42,tuned,1,2.99693,712.0,0.005,2.5,True
dantzig42,tuning,2,1.4864,746.0,0.005,0.0,True
dantzig42,tuned,2,2.85969,714.0,0.035,0.0,True
dantzig42,tuning,2,1.52081,746.0,0.005,0.0,True
dantzig42,tuned,5,3.85934,705.0,0.0275,0.0,True
dantzig42,tuning,2,1.51204,746.0,0.005,0.0,True
dantzig42,tuned,10,4.98453,705.0,0.0275,0.0,True
dantzig42,tuning,2,1.48831,746.0,0.005,0.0,True
dantzig42,tuned,20,7.58306,699.0,0.035,0.5,True
dantzig42,tuning,2,1.52778,746.0,0.005,0.0,True
dantzig42,tuned,50,15.57522,705.0,0.0125,2.5,True
eil101,tuning,2,4.89877,680.0,0.01,2.0,True
eil101,tuned,1,7.39967,679.0,0.0075,1.5,True
eil101,tuning,2,4.91444,680.0,0.01,2.0,True
eil101,tuned,2,9.11468,666.0,0.005,0.0,True
eil101,tuning,2,4.59329,680.0,0.01,2.0,True
eil101,tuned,5,13.59113,662.0,0.0125,1.0,True
eil101,tuning,2,4.99945,680.0,0.01,2.0,True
eil101,tuned,10,22.2458,655.0,0.0125,1.0,True
eil101,tuning,2,4.91475,680.0,0.01,2.0,True
eil101,tuned,20,37.56181,648.0,0.015,1.5,True
eil101,tuning,2,4.8342,680.0,0.01,2.0,True
eil101,tuned,50,85.62747,640.0,0.0125,1.0,True
eil51,tuning,2,1.98321,452.0,0.05,0.0,True
eil51,tuned,1,3.37,446.0,0.0275,0.0,True
eil51,tuning,2,1.826,452.0,0.05,0.0,True
eil51,tuned,2,3.48391,444.0,0.01,1.0,True
eil51,tuning,2,1.91565,452.0,0.05,0.0,True
eil51,tuned,5,4.87485,439.0,0.005,1.0,True
eil51,tuning,2,1.88906,452.0,0.05,0.0,True
eil51,tuned,10,6.86056,436.0,0.05,0.0,True
eil51,tuning,2,1.90305,452.0,0.05,0.0,True
eil51,tuned,20,10.82945,430.0,0.05,0.0,True
eil51,tuning,2,2.05858,452.0,0.05,0.0,True
eil51,tuned,50,22.90593,434.0,0.03,0.5,True
eil76,tuning,2,3.21734,591.0,0.01,1.0,True
eil76,tuned,1,5.23549,584.0,0.0075,1.0,True
eil76,tuning,2,3.16089,591.0,0.01,1.0,True
eil76,tuned,2,6.04619,569.0,0.01,1.0,True
eil76,tuning,2,3.13955,591.0,0.01,1.0,True
eil76,tuned,5,8.67351,562.0,0.02,1.0,True
eil76,tuning,2,3.14811,591.0,0.01,1.0,True
eil76,tuned,10,13.09566,562.0,0.0125,1.0,True
eil76,tuning,2,3.06838,591.0,0.01,1.0,True
eil76,tuned,20,22.07861,556.0,0.002,2.0,True
eil76,tuning,2,3.13544,591.0,0.01,1.0,True
eil76,tuned,50,49.20779,554.0,0.0125,1.0,True
fri26,tuning,2,1.32966,1006.0,0.01,2.0,True
fri26,tuned,1,2.64985,937.0,0.01,0.0,True
fri26,tuning,2,1.32077,1006.0,0.01,2.0,True
fri26,tuned,2,2.57651,937.0,0.01,0.0,True
fri26,tuning,2,1.33446,1006.0,0.01,2.0,True
fri26,tuned,5,2.75195,940.0,0.01,0.5,True
fri26,tuning,2,1.31024,1006.0,0.01,2.0,True
fri26,tuned,10,3.24265,937.0,0.01,0.5,True
fri26,tuning,2,1.29482,1006.0,0.01,2.0,True
fri26,tuned,20,4.23884,937.0,0.005,1.0,True
fri26,tuning,2,1.30805,1006.0,0.01,2.0,True
fri26,tuned,50,7.17601,937.0,0.01,0.5,True
gr120,tuning,2,6.6657,7568.0,0.005,0.0,True
gr120,tuned,1,9.96314,7432.0,0.01,0.0,True
gr120,tuning,2,6.59249,7568.0,0.005,0.0,True
gr120,tuned,2,12.05498,7173.0,0.01,0.0,True
gr120,tuning,2,6.52522,7568.0,0.005,0.0,True
gr120,tuned,5,19.04162,7235.0,0.006,0.0,True
gr120,tuning,2,6.46797,7568.0,0.005,0.0,True
gr120,tuned,10,30.57688,7198.0,0.006,0.0,True
gr120,tuning,2,6.49305,7568.0,0.005,0.0,True
gr120,tuned,20,52.96125,7186.0,0.0035,0.0,True
gr120,tuning,2,6.4611,7568.0,0.005,0.0,True
gr120,tuned,50,121.588,7159.0,0.006,1.0,True
gr137,tuning,2,8.0534,76061.0,0.01,0.0,True
gr137,tuned,1,12.37426,74533.0,0.011,0.0,True
gr137,tuning,2,8.38634,76061.0,0.01,0.0,True
gr137,tuned,2,15.95692,74208.0,0.01,0.0,True
gr137,tuning,2,8.56798,76061.0,0.01,0.0,True
gr137,tuned,5,26.13413,72553.0,0.011,0.0,True
gr137,tuning,2,8.41632,76061.0,0.01,0.0,True
gr137,tuned,10,42.65847,72865.0,0.02,0.0,True
gr137,tuning,2,8.4881,76061.0,0.01,0.0,True
gr137,tuned,20,75.82678,71432.0,0.011,0.5,True
gr137,tuning,2,8.46708,76061.0,0.01,0.0,True
gr137,tuned,50,175.9389,71475.0,0.015,0.5,True
gr17,tuning,2,1.38214,2221.0,0.01,5.0,True
gr17,tuned,1,2.76179,2088.0,0.1,0.0,True
gr17,tuning,2,1.3189,2221.0,0.01,5.0,True
gr17,tuned,2,2.60435,2088.0,0.1,0.0,True
gr17,tuning,2,1.31635,2221.0,0.01,5.0,True
gr17,tuned,5,2.60825,2088.0,0.1,0.0,True
gr17,tuning,2,1.52306,2221.0,0.01,5.0,True
gr17,tuned,10,2.90545,2090.0,0.055,1.0,True
gr17,tuning,2,1.40194,2221.0,0.01,5.0,True
gr17,tuned,20,3.20703,2085.0,0.05,0.5,True
gr17,tuning,2,1.33151,2221.0,0.01,5.0,True
gr17,tuned,50,4.32062,2085.0,0.05,0.5,True
gr21,tuning,2,1.41127,2709.0,0.02,1.0,True
gr21,tuned,1,2.76839,2707.0,0.05,0.0,True
gr21,tuning,2,1.39644,2709.0,0.02,1.0,True
gr21,tuned,2,2.70612,2707.0,0.05,0.0,True
gr21,tuning,2,1.36467,2709.0,0.02,1.0,True
gr21,tuned,5,2.82297,2707.0,0.05,0.0,True
gr21,tuning,2,1.4202,2709.0,0.02,1.0,True
gr21,tuned,10,3.12301,2707.0,0.05,0.0,True
gr21,tuning,2,1.53838,2709.0,0.02,1.0,True
gr21,tuned,20,3.81,2707.0,0.05,0.0,True
gr21,tuning,2,1.35566,2709.0,0.02,1.0,True
gr21,tuned,50,5.51999,2707.0,0.1,1.5,True
gr24,tuning,2,1.4046,1336.0,0.1,0.0,True
gr24,tuned,1,2.87689,1283.0,0.015,0.5,True
gr24,tuning,2,1.37932,1336.0,0.1,0.0,True
gr24,tuned,2,2.70696,1283.0,0.015,0.5,True
gr24,tuning,2,1.38614,1336.0,0.1,0.0,True
gr24,tuned,5,2.81458,1283.0,0.015,0.5,True
gr24,tuning,2,1.36696,1336.0,0.1,0.0,True
gr24,tuned,10,3.36095,1283.0,0.055,0.5,True
gr24,tuning,2,1.37422,1336.0,0.1,0.0,True
gr24,tuned,20,4.21832,1283.0,0.02,0.0,True
gr24,tuning,2,1.38595,1336.0,0.1,0.0,True
gr24,tuned,50,6.61266,1279.0,0.055,0.5,True
gr48,tuning,2,1.89263,5260.0,0.05,0.0,True
gr48,tuned,1,3.43927,5192.0,0.03,0.0,True
gr48,tuning,2,1.93228,5260.0,0.05,0.0,True
gr48,tuned,2,3.78741,5172.0,0.01,0.0,True
gr48,tuning,2,1.96038,5260.0,0.05,0.0,True
gr48,tuned,5,4.99741,5130.0,0.03,0.0,True
gr48,tuning,2,1.95485,5260.0,0.05,0.0,True
gr48,tuned,10,6.58201,5118.0,0.0125,1.5,True
gr48,tuning,2,1.90099,5260.0,0.05,0.0,True
gr48,tuned,20,10.0752,5135.0,0.03,0.5,True
gr48,tuning,2,1.92906,5260.0,0.05,0.0,True
gr48,tuned,50,20.93527,5097.0,0.05,0.0,True
gr96,tuning,2,4.79029,56324.0,0.005,0.0,True
gr96,tuned,1,7.38043,56324.0,0.005,0.0,True
gr96,tuning,2,4.67696,56324.0,0.005,0.0,True
gr96,tuned,2,8.81961,55889.0,0.0035,0.0,True
gr96,tuning,2,4.72546,56324.0,0.005,0.0,True
gr96,tuned,5,13.12776,56324.0,0.005,0.0,True
gr96,tuning,2,4.79441,56324.0,0.005,0.0,True
gr96,tuned,10,20.58185,56324.0,0.005,0.0,True
gr96,tuning,2,4.76291,56324.0,0.005,0.0,True
gr96,tuned,20,35.13931,56324.0,0.005,0.0,True
gr96,tuning,2,4.71679,56324.0,0.005,0.0,True
gr96,tuned,50,79.26572,56324.0,0.005,0.0,True
hk48,tuning,2,1.9644,12473.0,0.05,1.0,True
hk48,tuned,1,3.46533,12354.0,0.005,1.0,True
hk48,tuning,2,2.11058,12473.0,0.05,1.0,True
hk48,tuned,2,4.05015,11612.0,0.005,0.0,True
hk48,tuning,2,1.9589,12473.0,0.05,1.0,True
hk48,tuned,5,4.80092,11756.0,0.0275,0.5,True
hk48,tuning,2,1.95822,12473.0,0.05,1.0,True
hk48,tuned,10,6.62047,11646.0,0.01,1.0,True
hk48,tuning,2,1.93236,12473.0,0.05,1.0,True
hk48,tuned,20,10.12851,11598.0,0.005,0.0,True
hk48,tuning,2,1.92364,12473.0,0.05,1.0,True
hk48,tuned,50,20.92787,11511.0,0.0125,1.0,True
kroA100,tuning,2,5.04305,23979.0,0.02,0.0,True
kroA100,tuned,1,7.83913,22043.0,0.01,0.0,True
kroA100,tuning,2,5.05849,23979.0,0.02,0.0,True
kroA100,tuned,2,9.57972,21823.0,0.02,0.0,True
kroA100,tuning,2,5.04454,23979.0,0.02,0.0,True
kroA100,tuned,5,14.32531,21917.0,0.02,1.0,True
kroA100,tuning,2,5.05848,23979.0,0.02,0.0,True
kroA100,tuned,10,22.08933,21557.0,0.02,0.0,True
kroA100,tuning,2,5.10499,23979.0,0.02,0.0,True
kroA100,tuned,20,37.97651,21553.0,0.0075,1.0,True
kroA100,tuning,2,5.02655,23979.0,0.02,0.0,True
kroA100,tuned,50,84.95237,21479.0,0.0125,2.0,True
kroA150,tuning,2,10.32697,30355.0,0.02,1.0,True
kroA150,tuned,1,16.26693,29184.0,0.02,0.0,True
kroA150,tuning,2,10.33196,30355.0,0.02,1.0,True
kroA150,tuned,2,21.17274,28010.0,0.015,1.0,True
kroA150,tuning,2,10.20026,30355.0,0.02,1.0,True
kroA150,tuned,5,35.69277,28426.0,0.015,2.0,True
kroA150,tuning,2,10.33994,30355.0,0.02,1.0,True
kroA150,tuned,10,59.92871,27308.0,0.02,0.0,True
kroA150,tuning,2,10.14604,30355.0,0.02,1.0,True
kroA150,tuned,20,107.96963,27230.0,0.015,1.0,True
kroA150,tuning,2,10.11869,30355.0,0.02,1.0,True
kroA150,tuned,50,253.36674,27224.0,0.02,0.5,True
kroB100,tuning,2,5.16493,24536.0,0.02,1.0,True
kroB100,tuned,1,8.05682,23915.0,0.02,1.0,True
kroB100,tuning,2,5.20564,24536.0,0.02,1.0,True
kroB100,tuned,2,9.67593,23269.0,0.002,0.0,True
kroB100,tuning,2,5.13021,24536.0,0.02,1.0,True
kroB100,tuned,5,14.3531,22944.0,0.002,0.0,True
kroB100,tuning,2,5.09428,24536.0,0.02,1.0,True
kroB100,tuned,10,22.33063,22462.0,0.002,0.0,True
kroB100,tuning,2,5.14984,24536.0,0.02,1.0,True
kroB100,tuned,20,39.39352,22482.0,0.002,0.5,True
kroB100,tuning,2,5.11219,24536.0,0.02,1.0,True
kroB100,tuned,50,86.13699,22495.0,0.002,1.0,True
kroB150,tuning,2,9.82787,30736.0,0.005,1.0,True
kroB150,tuned,1,15.88508,30092.0,0.02,1.5,True
kroB150,tuning,2,10.36893,30736.0,0.005,1.0,True
kroB150,tuned,2,21.26029,28726.0,0.02,0.0,True
kroB150,tuning,2,10.17683,30736.0,0.005,1.0,True
kroB150,tuned,5,35.68066,27996.0,0.02,1.0,True
kroB150,tuning,2,10.40992,30736.0,0.005,1.0,True
kroB150,tuned,10,60.25017,27388.0,0.011,1.0,True
kroB150,tuning,2,10.05266,30736.0,0.005,1.0,True
kroB150,tuned,20,108.38662,27183.0,0.011,0.5,True
kroB150,tuning,2,9.86109,30736.0,0.005,1.0,True
kroB150,tuned,50,253.00896,26892.0,0.011,0.5,True
kroC100,tuning,2,5.22943,22588.0,0.02,1.0,True
kroC100,tuned,1,8.13456,21859.0,0.015,0.0,True
kroC100,tuning,2,5.19274,22588.0,0.02,1.0,True
kroC100,tuned,2,9.71314,21702.0,0.02,0.0,True
kroC100,tuning,2,5.09387,22588.0,0.02,1.0,True
kroC100,tuned,5,14.47799,21600.0,0.015,0.0,True
kroC100,tuning,2,5.43905,22588.0,0.02,1.0,True
kroC100,tuned,10,22.91161,21175.0,0.015,0.5,True
kroC100,tuning,2,5.16023,22588.0,0.02,1.0,True
kroC100,tuned,20,38.75663,20915.0,0.01,0.0,True
kroC100,tuning,2,5.20258,22588.0,0.02,1.0,True
kroC100,tuned,50,87.3368,20917.0,0.01,0.0,True
kroD100,tuning,2,5.16721,24118.0,0.01,0.0,True
kroD100,tuned,1,8.13347,22098.0,0.03,0.0,True
kroD100,tuning,2,5.05244,24118.0,0.01,0.0,True
kroD100,tuned,2,9.6229,21856.0,0.03,0.0,True
kroD100,tuning,2,5.18121,24118.0,0.01,0.0,True
kroD100,tuned,5,14.67394,21817.0,0.0275,1.0,True
kroD100,tuning,2,5.11651,24118.0,0.01,0.0,True
kroD100,tuned,10,22.77717,21709.0,0.03,0.0,True
kroD100,tuning,2,5.14613,24118.0,0.01,0.0,True
kroD100,tuned,20,38.70935,21614.0,0.035,0.5,True
kroD100,tuning,2,5.17287,24118.0,0.01,0.0,True
kroD100,tuned,50,86.51294,21507.0,0.005,1.0,True
kroE100,tuning,2,5.25718,24278.0,0.01,0.0,True
kroE100,tuned,1,8.2668,23043.0,0.0075,0.0,True
kroE100,tuning,2,5.14464,24278.0,0.01,0.0,True
kroE100,tuned,2,9.67812,23085.0,0.01,0.0,True
kroE100,tuning,2,5.10411,24278.0,0.01,0.0,True
kroE100,tuned,5,14.53808,23001.0,0.015,0.5,True
kroE100,tuning,2,5.09146,24278.0,0.01,0.0,True
kroE100,tuned,10,22.56015,22933.0,0.01,0.0,True
kroE100,tuning,2,5.19152,24278.0,0.01,0.0,True
kroE100,tuned,20,38.99195,22629.0,0.015,1.0,True
kroE100,tuning,2,5.26457,24278.0,0.01,0.0,True
kroE100,tuned,50,86.86559,22553.0,0.01,1.0,True
lin105,tuning,2,5.58379,15859.0,0.01,1.0,True
lin105,tuned,1,8.69436,15836.0,0.0125,0.0,True
lin105,tuning,2,5.6684,15859.0,0.01,1.0,True
lin105,tuned,2,10.45073,15693.0,0.02,0.0,True
lin105,tuning,2,5.46054,15859.0,0.01,1.0,True
lin105,tuned,5,15.6095,14993.0,0.015,0.5,True
lin105,tuning,2,5.79384,15859.0,0.01,1.0,True
lin105,tuned,10,24.76525,14985.0,0.0125,0.0,True
lin105,tuning,2,5.36877,15859.0,0.01,1.0,True
lin105,tuned,20,41.92683,14838.0,0.015,0.5,True
lin105,tuning,2,5.52835,15859.0,0.01,1.0,True
lin105,tuned,50,94.44766,14695.0,0.0125,0.0,True
pr107,tuning,2,6.05072,62050.13281,0.05,1.0,False
pr107,tuned,1,9.28127,52875.0,0.035,1.0,True
pr107,tuning,2,5.8681,62050.13281,0.05,1.0,False
pr107,tuned,2,10.90483,48205.0,0.03,0.0,True
pr107,tuning,2,5.7881,62050.13281,0.05,1.0,False
pr107,tuned,5,16.33818,46220.0,0.03,0.0,True
pr107,tuning,2,5.92052,62050.13281,0.05,1.0,False
pr107,tuned,10,25.71019,45738.0,0.03,0.0,True
pr107,tuning,2,5.95948,62050.13281,0.05,1.0,False
pr107,tuned,20,44.54519,45491.0,0.03,0.0,True
pr107,tuning,2,5.83079,62050.13281,0.05,1.0,False
pr107,tuned,50,99.21899,45009.0,0.02,1.0,True
pr124,tuning,2,7.22925,64689.0,0.02,0.0,True
pr124,tuned,1,11.07841,64689.0,0.02,0.0,True
pr124,tuning,2,7.11528,64689.0,0.02,0.0,True
pr124,tuned,2,13.42514,64104.0,0.0125,0.0,True
pr124,tuning,2,7.11794,64689.0,0.02,0.0,True
pr124,tuned,5,20.78872,61956.0,0.005,0.0,True
pr124,tuning,2,7.42984,64689.0,0.02,0.0,True
pr124,tuned,10,33.42152,61098.0,0.011,1.0,True
pr124,tuning,2,7.20855,64689.0,0.02,0.0,True
pr124,tuned,20,58.40899,62167.0,0.02,0.0,True
pr124,tuning,2,7.4033,64689.0,0.02,0.0,True
pr124,tuned,50,131.44279,61502.0,0.0035,0.5,True
pr136,tuning,2,8.59232,107758.0,0.005,0.0,True
pr136,tuned,1,13.43824,107758.0,0.005,0.0,True
pr136,tuning,2,8.87384,107758.0,0.005,0.0,True
pr136,tuned,2,16.74205,106415.0,0.02,1.5,True
pr136,tuning,2,8.67453,107758.0,0.005,0.0,True
pr136,tuned,5,26.32081,106147.0,0.0125,1.5,True
pr136,tuning,2,8.71145,107758.0,0.005,0.0,True
pr136,tuned,10,42.27267,100521.0,0.0125,1.0,True
pr136,tuning,2,8.28521,107758.0,0.005,0.0,True
pr136,tuned,20,74.65867,100948.0,0.015,1.0,True
pr136,tuning,2,8.50812,107758.0,0.005,0.0,True
pr136,tuned,50,170.92005,100464.0,0.0125,0.5,True
pr144,tuning,2,9.41419,65287.0,0.02,0.0,True
pr144,tuned,1,14.80318,65224.0,0.011,0.0,True
pr144,tuning,2,9.14957,65287.0,0.02,0.0,True
pr144,tuned,2,18.54792,64277.0,0.015,0.0,True
pr144,tuning,2,9.27113,65287.0,0.02,0.0,True
pr144,tuned,5,30.68285,60763.0,0.01,0.0,True
pr144,tuning,2,9.4529,65287.0,0.02,0.0,True
pr144,tuned,10,50.74399,59465.0,0.0075,0.0,True
pr144,tuning,2,9.54813,65287.0,0.02,0.0,True
pr144,tuned,20,91.11175,59882.0,0.006,0.0,True
pr144,tuning,2,9.37847,65287.0,0.02,0.0,True
pr144,tuned,50,211.99759,59881.0,0.0035,0.0,True
pr76,tuning,2,3.54135,120263.0,0.002,0.0,True
pr76,tuned,1,5.88484,113364.0,0.005,0.0,True
pr76,tuning,2,3.5769,120263.0,0.002,0.0,True
pr76,tuned,2,6.9307,112186.0,0.002,0.0,True
pr76,tuning,2,3.67642,120263.0,0.002,0.0,True
pr76,tuned,5,9.74572,110926.0,0.005,0.0,True
pr76,tuning,2,3.67431,120263.0,0.002,0.0,True
pr76,tuned,10,14.37974,110247.0,0.026,0.5,True
pr76,tuning,2,3.66144,120263.0,0.002,0.0,True
pr76,tuned,20,23.63415,110125.0,0.0275,0.0,True
pr76,tuning,2,3.64944,120263.0,0.002,0.0,True
pr76,tuned,50,51.62232,108872.0,0.011,1.0,True
rat99,tuning,2,5.1887,1347.0,0.002,0.0,True
rat99,tuned,1,8.2398,1331.0,0.0075,1.5,True
rat99,tuning,2,5.07596,1347.0,0.002,0.0,True
rat99,tuned,2,9.62714,1312.0,0.0275,1.0,True
rat99,tuning,2,5.19227,1347.0,0.002,0.0,True
rat99,tuned,5,14.41853,1268.0,0.026,0.5,True
rat99,tuning,2,5.41736,1347.0,0.002,0.0,True
rat99,tuned,10,22.55823,1278.0,0.005,1.0,True
rat99,tuning,2,5.19947,1347.0,0.002,0.0,True
rat99,tuned,20,37.79811,1256.0,0.005,1.0,True
rat99,tuning,2,5.42699,1347.0,0.002,0.0,True
rat99,tuned,50,85.3056,1256.0,0.0275,1.0,True
rd100,tuning,2,5.51021,8182.0,0.01,0.0,True
rd100,tuned,1,8.65802,8182.0,0.01,0.0,True
rd100,tuning,2,5.24367,8182.0,0.01,0.0,True
rd100,tuned,2,10.00672,8177.0,0.01,0.0,True
rd100,tuning,2,5.17852,8182.0,0.01,0.0,True
rd100,tuned,5,14.71402,8182.0,0.01,0.0,True
rd100,tuning,2,5.45414,8182.0,0.01,0.0,True
rd100,tuned,10,23.0607,8146.0,0.005,0.0,True
rd100,tuning,2,5.34623,8182.0,0.01,0.0,True
rd100,tuned,20,38.83431,8158.0,0.0125,0.5,True
rd100,tuning,2,5.43269,8182.0,0.01,0.0,True
rd100,tuned,50,87.36827,8024.0,0.005,0.0,True
st70,tuning,2,3.36391,717.0,0.05,1.0,True
st70,tuned,1,5.66876,707.0,0.035,0.5,True
st70,tuning,2,3.45044,717.0,0.05,1.0,True
st70,tuned,2,6.49037,696.0,0.02,0.0,True
st70,tuning,2,3.33114,717.0,0.05,1.0,True
st70,tuned,5,8.67031,692.0,0.035,0.5,True
st70,tuning,2,3.43769,717.0,0.05,1.0,True
st70,tuned,10,12.83115,682.0,0.02,0.0,True
st70,tuning,2,3.41621,717.0,0.05,1.0,True
st70,tuned,20,20.72226,679.0,0.02,0.0,True
st70,tuning,2,3.35987,717.0,0.05,1.0,True
st70,tuned,50,43.78669,679.0,0.02,0.0,True
swiss42,tuning,2,2.29859,1310.0,0.05,0.0,True
swiss42,tuned,1,4.08935,1278.0,0.035,0.0,True
swiss42,tuning,2,2.25121,1310.0,0.05,0.0,True
swiss42,tuned,2,4.47701,1273.0,0.0125,1.0,True
swiss42,tuning,2,2.27982,1310.0,0.05,0.0,True
swiss42,tuned,5,5.08001,1273.0,0.002,1.0,True
swiss42,tuning,2,2.16337,1310.0,0.05,0.0,True
swiss42,tuned,10,6.51731,1273.0,0.02,0.0,True
swiss42,tuning,2,2.11214,1310.0,0.05,0.0,True
swiss42,tuned,20,9.04939,1273.0,0.026,0.5,True
swiss42,tuning,2,2.16493,1310.0,0.05,0.0,True
swiss42,tuned,50,17.01172,1273.0,0.035,0.5,True
ulysses16,tuning,2,1.86838,6985.0,0.05,1.0,True
ulysses16,tuned,1,3.81461,6985.0,0.05,1.0,True
ulysses16,tuning,2,1.80058,6985.0,0.05,1.0,True
ulysses16,tuned,2,3.57405,6985.0,0.05,1.0,True
ulysses16,tuning,2,1.85384,6985.0,0.05,1.0,True
ulysses16,tuned,5,3.68035,6985.0,0.05,1.0,True
ulysses16,tuning,2,1.84994,6985.0,0.05,1.0,True
ulysses16,tuned,10,3.69253,6985.0,0.05,1.0,True
ulysses16,tuning,2,1.80689,6985.0,0.05,1.0,True
ulysses16,tuned,20,4.01992,6985.0,0.05,1.0,True
ulysses16,tuning,2,1.8679,6985.0,0.05,1.0,True
ulysses16,tuned,50,5.18041,6911.0,0.0125,5.0,True
ulysses22,tuning,2,2.01271,7208.0,0.05,1.0,True
ulysses22,tuned,1,3.93331,7092.0,0.05,1.0,True
ulysses22,tuning,2,2.00702,7208.0,0.05,1.0,True
ulysses22,tuned,2,3.8214,7092.0,0.05,1.0,True
ulysses22,tuning,2,1.8468,7208.0,0.05,1.0,True
ulysses22,tuned,5,3.70546,7042.0,0.015,1.5,True
ulysses22,tuning,2,1.86266,7208.0,0.05,1.0,True
ulysses22,tuned,10,4.08513,7128.0,0.015,1.5,True
ulysses22,tuning,2,2.09207,7208.0,0.05,1.0,True
ulysses22,tuned,20,5.10776,7065.0,0.035,1.5,True
ulysses22,tuning,2,1.8649,7208.0,0.05,1.0,True
ulysses22,tuned,50,6.88392,7082.0,0.015,1.0,True
