instance,best_known,MILP_value,MILP_time,MIQP_value,MIQP_time,QUBO_value,QUBO_time,AMFD_value,AMFD_time
G1,11624,10306.0,3.63255,,,11598.0,14.09104,11624.0,2.43672
G2,11620,10234.0,3.67296,,,11599.0,9.1237,11620.0,2.25853
G3,11622,10271.0,9.9496,,,11612.0,7.67508,11622.0,0.99335
G4,11646,10155.0,10.85421,7808.0,14.10682,11641.0,12.01137,11646.0,2.07407
G5,11631,10177.0,3.11749,7603.0,15.45714,11631.0,10.87756,11631.0,2.22324
G6,2178,1445.0,1.91798,689.0,13.78269,2178.0,10.67817,2178.0,4.74731
G8,2005,1366.0,1.85673,772.0,15.23962,2005.0,6.04363,2005.0,3.77856
G10,2000,1285.0,3.16365,1112.0,14.92941,1979.0,8.69347,2000.0,2.73729
G12,556,556.0,6.03095,556.0,12.82496,556.0,4.04895,556.0,4.04306
G14,3064,2825.0,7.7077,2859.0,14.97564,3010.0,8.80776,3063.0,7.85685
G16,3052,2871.0,9.27563,2766.0,6.24814,2999.0,0.02148,3052.0,7.9359
G18,992,699.0,10.27484,726.0,14.99891,936.0,0.02282,989.0,7.8233
G20,941,665.0,9.13411,645.0,12.1841,895.0,14.39891,941.0,2.1831
G22,13359,11402.0,36.25762,12178.0,37.00297,13205.0,0.04547,13359.0,18.09377
G24,13337,11414.0,35.63092,12082.0,36.05554,13202.0,0.03623,13337.0,18.08769
G26,13328,12137.0,21.06157,11878.0,36.17329,13136.0,0.02425,13326.0,5.41456
G28,3298,2242.0,34.22111,2230.0,34.41623,3121.0,0.04056,3293.0,17.9956
G30,3413,2224.0,33.55824,2311.0,35.11462,3255.0,0.03926,3412.0,18.17281
G32,1410,1410.0,35.5765,1404.0,29.03384,1410.0,19.06087,1406.0,3.83432
G34,1384,1384.0,19.10084,1372.0,25.91398,1384.0,28.72493,1380.0,5.40036
G36,7680,6939.0,13.38979,7244.0,34.15627,7556.0,27.15358,7672.0,18.24947
G38,7688,7408.0,30.61108,7287.0,32.36752,7560.0,28.14939,7675.0,18.25644
G40,2400,1945.0,34.25236,1357.0,15.37919,2268.0,16.7437,2400.0,3.87997
G42,2481,1891.0,31.19229,1841.0,36.39176,2344.0,19.74899,2475.0,18.25204
G44,6650,6033.0,16.02936,5973.0,17.859,6613.0,0.02522,6650.0,2.92804
G46,6649,6074.0,15.98535,5950.0,15.99891,6587.0,0.02301,6649.0,2.77853
G48,6000,6000.0,0.09452,6000.0,0.74289,6000.0,0.43887,6000.0,1.91417
G50,5880,5880.0,0.09089,5862.0,61.95232,5880.0,0.03965,5880.0,1.9215
G52,3851,3550.0,8.9759,3516.0,8.10157,3776.0,0.0188,3848.0,9.984
G54,3852,3520.0,8.26441,3463.0,8.2745,3792.0,20.34896,3850.0,10.06617
G56,4017,3735.0,125.61901,3564.0,273.87446,3864.0,265.77158,4000.0,136.48167
G58,19293,18680.0,174.63684,18266.0,250.66729,19032.0,153.14734,19261.0,136.50004
G60,14190,13829.0,76.29693,13145.0,593.37545,13957.0,839.56052,14183.0,179.00869
G62,4870,4870.0,119.70658,4858.0,604.85117,4870.0,161.46421,4838.0,425.34893
G64,8751,5710.0,6.05285,7263.0,829.38016,8257.0,851.8308,8709.0,179.05497
G66,6364,6364.0,925.27439,6360.0,1176.09165,6364.0,280.10467,6314.0,335.89843
G70,9591,9471.0,38.57395,9579.0,1956.09705,9584.0,1568.04259,9538.0,1039.20571
G72,7006,7004.0,822.92469,6996.0,2095.42395,7004.0,264.03248,6956.0,1038.44327
G77,9938,9938.0,2015.33829,9936.0,1958.81064,9940.0,509.2128,9876.0,1289.68293
G81,14048,14048.0,3802.51307,14048.0,6770.32719,14048.0,1438.882,13960.0,8793.18777
brock200_1,21,21.0,4.67305,21.0,4.37442,21.0,1.55915,21.0,3.05919
brock400_1,27,21.0,2.59132,22.0,7.10557,25.0,7.63399,25.0,3.61621
brock800_1,23,17.0,18.60198,17.0,16.72092,20.0,8.18741,21.0,3.95664
C250.9,44,42.0,6.19355,44.0,4.96608,43.0,9.65073,44.0,1.40091
C500.9,57,49.0,13.87847,53.0,13.89347,56.0,7.3457,57.0,3.75856
C1000.9,68,44.0,0.00428,53.0,21.84968,63.0,14.34942,68.0,4.52393
C2000.5,16,11.0,0.05267,0.0,0.03042,14.0,4.10737,16.0,4.00535
C2000.9,80,59.0,38.10689,58.0,37.61794,71.0,18.83237,78.0,5.0395
C4000.5,18,12.0,0.22305,0.0,0.10711,15.0,146.69714,18.0,19.69262
c-fat200-1,12,12.0,0.00177,12.0,0.69311,12.0,0.07968,12.0,1.48384
c-fat500-1,14,14.0,0.00921,14.0,1.44274,14.0,0.48666,14.0,1.59724
DSJC500_5,13,11.0,8.64931,12.0,5.1648,13.0,13.95972,13.0,3.09454
DSJC1000_5,15,9.0,0.01806,0.0,0.01344,13.0,11.1153,15.0,3.35447
gen200_p0.9_44,44,44.0,0.60238,44.0,0.44677,44.0,2.35791,44.0,2.99541
gen200_p0.9_55,55,55.0,0.06584,55.0,0.07035,55.0,0.73122,55.0,1.51182
gen400_p0.9_55,55,51.0,6.96505,51.0,6.16166,51.0,12.68425,55.0,3.70317
gen400_p0.9_65,65,65.0,11.41396,65.0,10.59093,65.0,6.53963,65.0,3.23238
gen400_p0.9_75,75,75.0,2.74109,75.0,2.5362,75.0,7.39839,75.0,3.27463
hamming6-2,32,32.0,0.00019,32.0,0.00529,32.0,0.00566,32.0,1.54808
hamming8-2,128,128.0,0.00014,128.0,0.01278,128.0,0.01247,128.0,1.59494
hamming10-2,512,512.0,0.00067,512.0,0.0299,512.0,0.03696,512.0,1.86278
johnson8-2-4,4,4.0,0.00019,4.0,0.00535,4.0,0.00244,4.0,1.55514
johnson16-2-4,8,8.0,0.00016,8.0,0.01001,8.0,0.00742,8.0,1.58123
johnson32-2-4,16,16.0,0.00066,16.0,1.77469,16.0,0.0632,16.0,1.7013
keller4,11,11.0,0.18517,11.0,0.1933,11.0,0.868,11.0,1.60936
keller5,27,23.0,10.0381,23.0,18.7605,26.0,12.64025,27.0,9.52559
keller6,59,31.0,0.04942,0.0,0.02663,53.0,21.45219,53.0,50.7193
MANN_a9,16,16.0,0.01056,16.0,0.00705,16.0,0.00382,16.0,1.43017
MANN_a27,126,126.0,0.61834,126.0,0.40484,126.0,0.82159,126.0,3.09675
MANN_a45,345,345.0,5.79411,345.0,5.33427,345.0,5.78784,342.0,3.58602
MANN_a81,1100,1100.0,20.67751,1100.0,18.00455,1100.0,20.39208,1096.0,6.12026
p_hat300-1,8,8.0,2.66483,8.0,2.54951,8.0,0.64821,8.0,1.69645
p_hat500-1,9,8.0,3.78006,9.0,6.96576,9.0,7.21662,9.0,1.78438
p_hat700-1,11,9.0,9.66115,9.0,7.44493,11.0,12.72757,11.0,3.76929
p_hat1000-1,10,6.0,0.02154,0.0,0.01422,10.0,15.11897,10.0,1.95132
p_hat1500-1,12,6.0,0.04065,0.0,0.02649,11.0,21.7432,11.0,2.11323
sanr200_0.7,18,18.0,5.51199,18.0,5.50236,18.0,1.08444,18.0,1.70601
sanr200_0.9,42,42.0,7.10753,41.0,1.39795,41.0,5.44564,42.0,3.5446
sanr400_0.5,13,11.0,2.07027,11.0,1.86811,13.0,5.53985,13.0,3.58889
sanr400_0.7,21,19.0,5.27457,20.0,6.90469,21.0,9.39964,21.0,1.8252
att48,10628,10628.0,4.27791,15474.0,40.81508,16730.0,9.90708,10729.0,9.3096
bays29,2020,2020.0,0.18047,2354.0,16.40647,2164.0,16.46442,2026.0,7.9871
berlin52,7542,7542.0,0.41398,11239.0,40.4181,10273.0,48.23031,7553.0,23.36074
bier127,118282,118282.0,34.72268,647655.0,0.02483,239061.9,149.58424,121713.0,59.00827
brazil58,25395,25395.0,0.93286,38522.0,58.07828,41950.99,1.63251,26464.0,29.09727
burma14,3323,3323.0,0.03521,3390.0,4.64008,3323.0,0.84862,3323.0,1.88938
ch130,6110,6110.0,66.82695,46100.0,0.02894,14386.0,156.23095,6259.0,150.32906
ch150,6528,6528.0,69.87456,50074.0,0.03681,20063.0,32.74918,6685.0,250.82276
dantzig42,699,699.0,2.34454,699.0,6.47684,710.0,12.63362,699.0,15.66935
eil51,426,426.0,1.21221,652.0,42.17919,627.0,1.027,434.0,23.14939
eil76,538,538.0,3.24732,2512.0,0.00906,739.0,24.91909,552.0,49.5413
eil101,629,629.0,8.49804,3367.0,0.01678,1077.0,9.06353,645.0,86.42525
fri26,937,937.0,0.36293,1047.0,13.34387,999.0,11.6495,940.0,2.27634
gr17,2085,2085.0,0.38582,2095.0,4.8402,2088.0,6.75841,2085.0,2.96952
gr21,2707,2707.0,0.29977,2707.0,9.20471,2707.0,10.32554,2707.0,2.38909
gr24,1272,1272.0,1.04521,1526.0,12.26946,1366.0,8.67726,1272.0,6.38096
gr48,5046,5046.0,4.17979,6896.0,42.07216,6504.0,42.81093,5093.0,20.8641
gr96,55209,55209.0,14.40016,350607.0,0.01538,81184.99,46.6914,56279.0,20.47296
gr120,6942,6942.0,15.97008,53522.0,0.02371,16464.0,111.75852,7143.0,53.91026
gr137,69853,69853.0,26.20945,568409.0,0.02928,94685.96,181.75401,71359.0,177.34286
hk48,11461,11461.0,0.84244,16125.0,42.7659,15775.0,44.29377,11508.0,21.08749
kroA100,21282,21282.0,10.65489,174223.0,0.01454,48574.0,54.95738,21445.0,85.59597
kroA150,26524,26524.0,22.64912,252896.0,0.0371,86193.97,268.87918,27192.0,253.19899
kroB100,22141,22141.0,14.8344,181413.0,0.01765,45198.01,56.54634,22492.0,85.81958
kroB150,26130,26130.0,78.28141,260937.0,0.03719,88362.01,272.00196,26957.0,253.05661
kroC100,20749,20749.0,19.81863,178309.0,0.00974,42703.0,57.63065,20915.0,84.84776
kroD100,21294,21294.0,7.46345,164769.0,0.018,43359.01,54.63907,21626.0,85.64703
kroE100,22068,22068.0,17.59721,166869.0,0.01647,46540.0,57.75858,22532.0,85.84379
lin105,14379,14379.0,19.05488,127143.0,0.01591,28004.0,60.17263,14695.0,94.19365
pr76,108159,108159.0,24.36121,156057.0,101.34881,,,108871.0,23.24541
pr107,44303,44303.0,6.70624,597560.0,0.01703,59917.99,9.96812,45666.0,98.39475
pr124,59030,59030.0,29.04633,695779.0,0.02441,99010.06,116.2503,60333.0,130.93513
pr136,96772,96772.0,15.42156,840168.0,0.02836,236349.03,21.38301,100055.0,174.14435
pr144,58537,58537.0,51.46935,825449.0,0.0366,94721.03,24.91488,59882.0,211.09308
rat99,1211,1211.0,7.36205,7861.0,0.01612,2108.0,7.67797,1249.0,86.03832
rd100,7910,7910.0,7.4807,54028.0,0.0158,18215.0,54.46244,8088.0,23.29744
st70,675,675.0,2.96616,1347.0,87.20638,1342.0,22.02439,679.0,43.4384
swiss42,1273,1273.0,0.35787,1639.0,34.16076,1504.0,26.29669,1273.0,6.14593
ulysses16,6859,6859.0,0.52987,6870.0,3.89704,6859.0,8.69275,6925.0,3.14354
ulysses22,7013,7013.0,0.15168,7362.0,7.5846,7059.0,10.56944,7013.0,3.66993
bur26a,5426670,5611826.0,14.37248,5528569.0,12.11677,5500764.0,9.95943,5484383.0,3.86285
chr25a,3796,5000.0,13.49853,4492.0,11.22142,5129.99,5.90685,3832.0,6.61807
esc32a,130,150.0,20.29861,152.0,18.03058,162.0,19.71139,130.0,9.91922
esc64a,116,116.0,65.65803,116.0,37.83616,132.0,2.19812,116.0,2.34777
esc128,64,64.0,269.31729,66.0,210.04461,84.0,16.5976,66.0,20.66642
kra30a,88900,100840.0,19.27836,101270.0,18.60658,101700.0,14.63974,92060.0,2.65612
kra32,88700,103180.0,17.53211,98350.0,12.27443,102640.0,19.86262,92460.0,5.3501
lipa30a,13178,13585.0,8.10989,13491.0,14.78581,13663.0,1.72125,13523.0,9.07285
lipa40a,31538,32355.0,28.38803,32378.0,22.66841,32793.0,4.94853,32080.0,14.95561
lipa50a,62093,63918.0,40.45669,64109.0,0.03314,63505.99,36.99486,63025.0,22.61002
lipa60a,107218,110035.0,56.36894,110073.0,0.06307,109908.0,26.85171,108771.0,31.91076
lipa70a,169755,173428.0,0.64134,173428.0,0.11357,172655.99,53.35522,172066.0,43.11507
lipa80a,253195,258262.0,1.14052,258262.0,0.20372,,,256503.0,55.61974
lipa90a,360630,367327.0,1.88011,367327.0,0.34696,,,365286.0,31.2858
nug27,5234,5720.0,16.51816,5530.0,13.05607,5596.0,12.09743,5300.0,7.9664
nug28,5166,5626.0,17.55162,5544.0,17.39216,5676.0,5.44937,5214.0,8.53476
nug30,6124,6696.0,16.72371,6578.0,12.4504,6622.0,17.93656,6140.0,9.37958
sko42,15812,17770.0,31.48131,17438.0,33.79987,17586.0,4.58317,15888.0,16.80073
sko49,23386,27132.0,36.44139,26056.0,40.69109,25842.0,8.14493,23486.0,22.09769
sko56,34458,40120.0,28.07079,42892.0,0.03717,37820.0,53.43363,34642.0,28.40465
sko64,48498,56174.0,71.84986,58678.0,0.05028,53324.0,23.88893,48764.0,36.02679
sko72,66256,76036.0,90.1321,79846.0,0.08921,73622.0,40.424,66706.0,45.86163
sko81,90998,109246.0,0.71116,109246.0,0.14875,100524.0,63.3014,91570.0,25.85899
sko90,115534,137716.0,1.02213,137716.0,0.20581,127892.01,99.20483,116560.0,69.79755
sko100a,152002,179718.0,1.98439,179718.0,0.36869,167520.03,155.41833,153146.0,38.3334
ste36a,9526,11362.0,27.34204,12110.0,24.26428,12361.99,21.80912,9672.0,6.93226
tai30a,1818146,1953926.0,19.54576,1924698.0,15.12483,1966008.25,18.6199,1843076.0,9.91336
tai35a,2422002,2677334.0,25.39724,2555674.0,23.62241,2693788.08,22.44007,2434938.0,12.55479
tai40a,3139370,3495750.0,14.1427,3468510.0,28.57985,3451588.5,25.09612,3161488.0,15.60792
tai50a,4938796,5607700.0,38.43985,5972176.0,0.02721,5449290.19,13.08421,4989160.0,23.61254
tai60a,7205962,8340470.0,48.56332,8689112.0,0.0628,7910553.12,29.193,7253834.0,33.2716
tai64c,1855928,1857646.0,65.53115,1860702.0,68.40318,1908852.0,81.01285,1860976.0,36.84526
tai80a,13499184,15714140.0,1.00739,15714140.0,0.21128,14951746.0,80.78464,13650246.0,56.67931
tai100a,21044752,23934276.0,2.835,23934276.0,0.43771,22568329.25,201.59959,21196340.0,87.00363
tai150b,498896643,646476878.0,6.05221,646476878.0,1.58865,552650929.0,754.20378,503631360.0,385.77727
tho30,149936,163310.0,21.82127,167174.0,20.95013,162152.01,19.27376,151476.0,10.20512
tho40,240516,269286.0,32.19286,266514.0,30.34824,264375.94,33.61101,241610.0,8.49434
tho150,8133398,9851230.0,5.72767,9851230.0,1.0399,8960049.19,460.94731,8204086.0,385.01235
wil50,48816,53200.0,39.68592,52434.0,36.97726,54150.0,39.48285,48970.0,24.12855
wil100,273038,300794.0,2.34485,300794.0,0.39832,294021.99,202.13806,274488.0,89.23503
anna,11,11.0,3.22921,11.0,1.15809,12.0,1.8449,11.0,8.15186
david,11,11.0,1.64627,11.0,1.2343,12.0,1.5067,11.0,8.24849
DSJC125.1,5,6.0,17.50614,6.0,5.96145,7.0,15.62742,5.0,11.16353
DSJC250.1,8,12.0,15.82489,11.0,21.94616,12.0,1.79278,8.0,24.9512
DSJC500.1,12,69.0,0.14859,18.0,53.76341,19.0,6.89141,12.0,109.11768
DSJC1000.1,20,128.0,1.59504,29.0,569.65962,31.0,105.11561,21.0,417.37227
DSJR500.1,12,12.0,73.94448,12.0,57.87057,12.0,64.17221,12.0,64.56757
flat300_20_0,20,45.0,246.16629,46.0,96.51604,42.0,33.67972,20.0,46.33747
flat300_26_0,26,43.0,299.04334,44.0,106.63599,43.0,10.72515,26.0,129.1341
flat300_28_0,28,43.0,241.63134,45.0,82.43806,45.0,9.27962,33.0,95.31448
fpsol2.i.1,65,65.0,268.87198,65.0,39.66169,65.0,80.10231,77.0,309.22592
games120,9,9.0,0.74024,9.0,0.07598,9.0,0.09638,9.0,10.30154
huck,11,11.0,0.5079,11.0,0.34324,11.0,0.51473,11.0,7.01212
jean,10,10.0,0.3279,10.0,0.35779,10.0,0.30951,10.0,4.7456
le450_5a,5,43.0,0.03474,12.0,13.79934,12.0,4.51635,6.0,20.94537
le450_15a,15,21.0,212.29783,20.0,410.64562,21.0,19.49424,17.0,63.3797
le450_25a,25,27.0,493.07696,25.0,55.67988,30.0,2.90138,26.0,104.13265
miles250,8,8.0,2.47457,8.0,0.21058,8.0,4.7378,8.0,16.65435
miles500,20,20.0,18.97991,20.0,1.51759,20.0,0.60201,20.0,10.50494
miles750,31,31.0,37.07123,31.0,5.68561,32.0,1.9938,31.0,10.07612
miles1000,42,43.0,66.75697,42.0,8.66947,43.0,3.51244,42.0,7.58676
miles1500,73,73.0,67.04194,73.0,13.8529,73.0,5.7699,73.0,9.10468
mulsol.i.1,49,49.0,26.87424,49.0,5.92621,49.0,9.31316,49.0,21.83301
myciel3,4,4.0,0.00957,4.0,0.00791,4.0,0.00885,4.0,1.73979
myciel4,5,5.0,0.02246,5.0,0.01303,5.0,0.01311,5.0,1.8721
myciel5,6,6.0,0.26113,6.0,0.06762,6.0,0.0825,6.0,6.26753
myciel6,7,7.0,6.36444,7.0,0.45954,8.0,0.64716,7.0,10.74984
myciel7,8,8.0,16.96585,8.0,6.37865,8.0,5.63856,8.0,28.88616
queen5_5,5,5.0,0.13467,5.0,0.04888,5.0,0.38055,5.0,2.15287
queen6_6,7,7.0,2.09676,7.0,7.84145,7.0,3.65191,7.0,6.53954
queen7_7,7,7.0,2.14697,7.0,2.30034,9.0,23.64664,7.0,11.3922
queen8_8,9,9.0,32.01233,9.0,34.90037,12.0,14.14296,9.0,10.5038
queen8_12,12,12.0,12.22282,12.0,15.59043,15.0,0.45993,12.0,9.14183
queen9_9,10,10.0,47.9043,11.0,6.34485,12.0,23.02139,10.0,11.6643
queen11_11,11,13.0,61.6299,14.0,20.4686,16.0,38.31068,12.0,21.07563
queen13_13,13,16.0,31.92426,18.0,78.63084,18.0,1.80226,14.0,27.24976
school1,14,232.0,0.81952,41.0,147.19158,38.0,95.98894,14.0,195.37473
zeroin.i.1,49,49.0,31.32562,49.0,5.1419,50.0,7.67891,49.0,14.83654
zeroin.i.2,30,30.0,40.04282,30.0,8.51548,30.0,11.80372,30.0,30.65289
zeroin.i.3,30,30.0,36.34159,30.0,8.5841,30.0,11.67002,31.0,35.50317
